{
	"BP_Arrow2":
	{
		"Index": 0,
		"1":
		{
			"Distance": 10196.767578125,
			"PathIndex": 4
		},
		"2":
		{
			"Distance": 6157.265625,
			"PathIndex": 8
		},
		"3":
		{
			"Distance": 3844.060302734375,
			"PathIndex": 6
		},
		"4":
		{
			"Distance": 7928.671875,
			"PathIndex": 9
		},
		"5":
		{
			"Distance": 6853.791015625,
			"PathIndex": 9
		},
		"6":
		{
			"Distance": 1519.873291015625,
			"PathIndex": 0
		},
		"7":
		{
			"Distance": 7194.17578125,
			"PathIndex": 8
		},
		"8":
		{
			"Distance": 4871.171875,
			"PathIndex": 6
		},
		"9":
		{
			"Distance": 5483.03173828125,
			"PathIndex": 6
		},
		"10":
		{
			"Distance": 9416.671875,
			"PathIndex": 4
		},
		"11":
		{
			"Distance": 9964.392578125,
			"PathIndex": 4
		}
	},
	"BP_Arrow3":
	{
		"Index": 1,
		"0":
		{
			"Distance": 10196.767578125,
			"PathIndex": 6
		},
		"2":
		{
			"Distance": 7380.51904296875,
			"PathIndex": 8
		},
		"3":
		{
			"Distance": 7499.28369140625,
			"PathIndex": 7
		},
		"4":
		{
			"Distance": 2268.095947265625,
			"PathIndex": 1
		},
		"5":
		{
			"Distance": 4736.5009765625,
			"PathIndex": 4
		},
		"6":
		{
			"Distance": 8676.89453125,
			"PathIndex": 9
		},
		"7":
		{
			"Distance": 3845.5791015625,
			"PathIndex": 1
		},
		"8":
		{
			"Distance": 6094.42529296875,
			"PathIndex": 9
		},
		"9":
		{
			"Distance": 4713.736328125,
			"PathIndex": 4
		},
		"10":
		{
			"Distance": 1818.8392333984375,
			"PathIndex": 1
		},
		"11":
		{
			"Distance": 3917.318603515625,
			"PathIndex": 1
		}
	}
}