{
	"BP_Arrow2":
	{
		"Index": 0,
		"1":
		{
			"Distance": 14740.451171875,
			"PathIndex": 28
		},
		"2":
		{
			"Distance": 34391.1953125,
			"PathIndex": 27
		},
		"3":
		{
			"Distance": 28366.521484375,
			"PathIndex": 20
		},
		"4":
		{
			"Distance": 15835.896484375,
			"PathIndex": 16
		},
		"5":
		{
			"Distance": 19713.361328125,
			"PathIndex": 11
		},
		"6":
		{
			"Distance": 8484.798828125,
			"PathIndex": 9
		},
		"7":
		{
			"Distance": 16624.44140625,
			"PathIndex": 26
		},
		"8":
		{
			"Distance": 3361.91796875,
			"PathIndex": 0
		},
		"9":
		{
			"Distance": 5929.228515625,
			"PathIndex": 14
		},
		"10":
		{
			"Distance": 4407.17138671875,
			"PathIndex": 14
		},
		"11":
		{
			"Distance": 17464.345703125,
			"PathIndex": 16
		},
		"12":
		{
			"Distance": 18666.109375,
			"PathIndex": 11
		},
		"13":
		{
			"Distance": 8529.896484375,
			"PathIndex": 9
		},
		"14":
		{
			"Distance": 2424.847412109375,
			"PathIndex": 0
		},
		"15":
		{
			"Distance": 29983.341796875,
			"PathIndex": 20
		},
		"16":
		{
			"Distance": 14571.025390625,
			"PathIndex": 32
		},
		"17":
		{
			"Distance": 9229.689453125,
			"PathIndex": 9
		},
		"18":
		{
			"Distance": 21036.826171875,
			"PathIndex": 5
		},
		"19":
		{
			"Distance": 31504.921875,
			"PathIndex": 15
		},
		"20":
		{
			"Distance": 26078.7734375,
			"PathIndex": 31
		},
		"21":
		{
			"Distance": 1858.402587890625,
			"PathIndex": 0
		},
		"22":
		{
			"Distance": 17695.408203125,
			"PathIndex": 16
		},
		"23":
		{
			"Distance": 22211.853515625,
			"PathIndex": 5
		},
		"24":
		{
			"Distance": 12251.4111328125,
			"PathIndex": 28
		},
		"25":
		{
			"Distance": 1584.8052978515625,
			"PathIndex": 0
		},
		"26":
		{
			"Distance": 14480.220703125,
			"PathIndex": 32
		},
		"27":
		{
			"Distance": 31726.361328125,
			"PathIndex": 15
		},
		"28":
		{
			"Distance": 10813.8544921875,
			"PathIndex": 17
		},
		"29":
		{
			"Distance": 27586.544921875,
			"PathIndex": 20
		},
		"30":
		{
			"Distance": 33718.98828125,
			"PathIndex": 15
		},
		"31":
		{
			"Distance": 24253.064453125,
			"PathIndex": 23
		},
		"32":
		{
			"Distance": 11463.7275390625,
			"PathIndex": 17
		},
		"33":
		{
			"Distance": 23371.26171875,
			"PathIndex": 5
		},
		"34":
		{
			"Distance": 32868.2890625,
			"PathIndex": 15
		}
	},
	"BP_Arrow3":
	{
		"Index": 1,
		"0":
		{
			"Distance": 14740.451171875,
			"PathIndex": 14
		},
		"2":
		{
			"Distance": 28226.30078125,
			"PathIndex": 27
		},
		"3":
		{
			"Distance": 22201.62890625,
			"PathIndex": 20
		},
		"4":
		{
			"Distance": 9671.00390625,
			"PathIndex": 16
		},
		"5":
		{
			"Distance": 13548.46875,
			"PathIndex": 11
		},
		"6":
		{
			"Distance": 7159.49560546875,
			"PathIndex": 28
		},
		"7":
		{
			"Distance": 10459.548828125,
			"PathIndex": 26
		},
		"8":
		{
			"Distance": 11611.9921875,
			"PathIndex": 9
		},
		"9":
		{
			"Distance": 8811.22265625,
			"PathIndex": 17
		},
		"10":
		{
			"Distance": 10368.947265625,
			"PathIndex": 9
		},
		"11":
		{
			"Distance": 11299.453125,
			"PathIndex": 16
		},
		"12":
		{
			"Distance": 12501.216796875,
			"PathIndex": 11
		},
		"13":
		{
			"Distance": 7434.7919921875,
			"PathIndex": 28
		},
		"14":
		{
			"Distance": 12315.603515625,
			"PathIndex": 9
		},
		"15":
		{
			"Distance": 23818.44921875,
			"PathIndex": 20
		},
		"16":
		{
			"Distance": 8406.1328125,
			"PathIndex": 32
		},
		"17":
		{
			"Distance": 5510.7607421875,
			"PathIndex": 28
		},
		"18":
		{
			"Distance": 14871.93359375,
			"PathIndex": 5
		},
		"19":
		{
			"Distance": 25340.029296875,
			"PathIndex": 15
		},
		"20":
		{
			"Distance": 19913.880859375,
			"PathIndex": 31
		},
		"21":
		{
			"Distance": 13677.9443359375,
			"PathIndex": 10
		},
		"22":
		{
			"Distance": 11530.5166015625,
			"PathIndex": 16
		},
		"23":
		{
			"Distance": 16046.9609375,
			"PathIndex": 5
		},
		"24":
		{
			"Distance": 2518.0380859375,
			"PathIndex": 1
		},
		"25":
		{
			"Distance": 13524.474609375,
			"PathIndex": 8
		},
		"26":
		{
			"Distance": 8315.328125,
			"PathIndex": 32
		},
		"27":
		{
			"Distance": 25561.46875,
			"PathIndex": 15
		},
		"28":
		{
			"Distance": 3926.59619140625,
			"PathIndex": 1
		},
		"29":
		{
			"Distance": 21421.65234375,
			"PathIndex": 20
		},
		"30":
		{
			"Distance": 27554.09765625,
			"PathIndex": 15
		},
		"31":
		{
			"Distance": 18088.171875,
			"PathIndex": 23
		},
		"32":
		{
			"Distance": 5298.8349609375,
			"PathIndex": 28
		},
		"33":
		{
			"Distance": 17206.3671875,
			"PathIndex": 5
		},
		"34":
		{
			"Distance": 26703.39453125,
			"PathIndex": 15
		}
	},
	"BP_Arrow":
	{
		"Index": 2,
		"0":
		{
			"Distance": 34391.19140625,
			"PathIndex": 14
		},
		"1":
		{
			"Distance": 28226.30078125,
			"PathIndex": 28
		},
		"3":
		{
			"Distance": 6059.7880859375,
			"PathIndex": 15
		},
		"4":
		{
			"Distance": 19400.56640625,
			"PathIndex": 11
		},
		"5":
		{
			"Distance": 14677.833984375,
			"PathIndex": 23
		},
		"6":
		{
			"Distance": 26871.935546875,
			"PathIndex": 17
		},
		"7":
		{
			"Distance": 20227.59765625,
			"PathIndex": 11
		},
		"8":
		{
			"Distance": 31262.734375,
			"PathIndex": 9
		},
		"9":
		{
			"Distance": 28461.96484375,
			"PathIndex": 17
		},
		"10":
		{
			"Distance": 30019.689453125,
			"PathIndex": 9
		},
		"11":
		{
			"Distance": 16926.849609375,
			"PathIndex": 5
		},
		"12":
		{
			"Distance": 15919.294921875,
			"PathIndex": 5
		},
		"13":
		{
			"Distance": 27257.890625,
			"PathIndex": 17
		},
		"14":
		{
			"Distance": 31966.345703125,
			"PathIndex": 9
		},
		"15":
		{
			"Distance": 4407.85205078125,
			"PathIndex": 27
		},
		"16":
		{
			"Distance": 19820.169921875,
			"PathIndex": 11
		},
		"17":
		{
			"Distance": 25161.50390625,
			"PathIndex": 32
		},
		"18":
		{
			"Distance": 13900.0576171875,
			"PathIndex": 31
		},
		"19":
		{
			"Distance": 3620.57666015625,
			"PathIndex": 2
		},
		"20":
		{
			"Distance": 8312.4208984375,
			"PathIndex": 15
		},
		"21":
		{
			"Distance": 33328.6875,
			"PathIndex": 10
		},
		"22":
		{
			"Distance": 21513.314453125,
			"PathIndex": 7
		},
		"23":
		{
			"Distance": 12179.341796875,
			"PathIndex": 31
		},
		"24":
		{
			"Distance": 25737.26171875,
			"PathIndex": 28
		},
		"25":
		{
			"Distance": 33175.21875,
			"PathIndex": 8
		},
		"26":
		{
			"Distance": 20289.755859375,
			"PathIndex": 11
		},
		"27":
		{
			"Distance": 2664.832763671875,
			"PathIndex": 2
		},
		"28":
		{
			"Distance": 24299.705078125,
			"PathIndex": 32
		},
		"29":
		{
			"Distance": 8030.24560546875,
			"PathIndex": 15
		},
		"30":
		{
			"Distance": 1235.4700927734375,
			"PathIndex": 2
		},
		"31":
		{
			"Distance": 10138.130859375,
			"PathIndex": 20
		},
		"32":
		{
			"Distance": 22927.466796875,
			"PathIndex": 16
		},
		"33":
		{
			"Distance": 11362.28515625,
			"PathIndex": 20
		},
		"34":
		{
			"Distance": 1612.94140625,
			"PathIndex": 2
		}
	}
}