{
	"BP_Arrow3":
	{
		"Index": 0,
		"1":
		{
			"Distance": 8532.013671875,
			"PathIndex": 18
		},
		"2":
		{
			"Distance": 10267.708984375,
			"PathIndex": 15
		},
		"3":
		{
			"Distance": 11777.857421875,
			"PathIndex": 4
		},
		"4":
		{
			"Distance": 9772.173828125,
			"PathIndex": 54
		},
		"5":
		{
			"Distance": 10810.072265625,
			"PathIndex": 28
		},
		"6":
		{
			"Distance": 13095.283203125,
			"PathIndex": 4
		},
		"7":
		{
			"Distance": 10769.064453125,
			"PathIndex": 51
		},
		"8":
		{
			"Distance": 10654.501953125,
			"PathIndex": 1
		},
		"9":
		{
			"Distance": 10578.091796875,
			"PathIndex": 12
		},
		"10":
		{
			"Distance": 9948.193359375,
			"PathIndex": 28
		},
		"11":
		{
			"Distance": 11062.109375,
			"PathIndex": 27
		},
		"12":
		{
			"Distance": 8548.9765625,
			"PathIndex": 28
		},
		"13":
		{
			"Distance": 9567.810546875,
			"PathIndex": 16
		},
		"14":
		{
			"Distance": 11172.8115234375,
			"PathIndex": 1
		},
		"15":
		{
			"Distance": 6879.7470703125,
			"PathIndex": 18
		},
		"16":
		{
			"Distance": 7123.91796875,
			"PathIndex": 18
		},
		"17":
		{
			"Distance": 10056.5693359375,
			"PathIndex": 32
		},
		"18":
		{
			"Distance": 4575.82666015625,
			"PathIndex": 19
		},
		"19":
		{
			"Distance": 2758.13330078125,
			"PathIndex": 0
		},
		"20":
		{
			"Distance": 8386.287109375,
			"PathIndex": 41
		},
		"21":
		{
			"Distance": 9498.677734375,
			"PathIndex": 41
		},
		"22":
		{
			"Distance": 13573.416015625,
			"PathIndex": 27
		},
		"23":
		{
			"Distance": 12434.87890625,
			"PathIndex": 27
		},
		"24":
		{
			"Distance": 11704.1640625,
			"PathIndex": 27
		},
		"25":
		{
			"Distance": 15883.13671875,
			"PathIndex": 26
		},
		"26":
		{
			"Distance": 13595.7880859375,
			"PathIndex": 5
		},
		"27":
		{
			"Distance": 9635.400390625,
			"PathIndex": 48
		},
		"28":
		{
			"Distance": 6940.42138671875,
			"PathIndex": 18
		},
		"29":
		{
			"Distance": 5913.052734375,
			"PathIndex": 18
		},
		"30":
		{
			"Distance": 8469.275390625,
			"PathIndex": 33
		},
		"31":
		{
			"Distance": 8627.30859375,
			"PathIndex": 16
		},
		"32":
		{
			"Distance": 8133.75,
			"PathIndex": 54
		},
		"33":
		{
			"Distance": 4826.0146484375,
			"PathIndex": 19
		},
		"34":
		{
			"Distance": 8556.12109375,
			"PathIndex": 41
		},
		"35":
		{
			"Distance": 16160.73046875,
			"PathIndex": 6
		},
		"36":
		{
			"Distance": 14609.6591796875,
			"PathIndex": 43
		},
		"37":
		{
			"Distance": 14313.78515625,
			"PathIndex": 11
		},
		"38":
		{
			"Distance": 11173.93359375,
			"PathIndex": 30
		},
		"39":
		{
			"Distance": 13135.552734375,
			"PathIndex": 44
		},
		"40":
		{
			"Distance": 11472.0419921875,
			"PathIndex": 10
		},
		"41":
		{
			"Distance": 6150.9638671875,
			"PathIndex": 19
		},
		"42":
		{
			"Distance": 1570.533935546875,
			"PathIndex": 0
		},
		"43":
		{
			"Distance": 13315.884765625,
			"PathIndex": 5
		},
		"44":
		{
			"Distance": 11795.3798828125,
			"PathIndex": 47
		},
		"45":
		{
			"Distance": 9981.04296875,
			"PathIndex": 48
		},
		"46":
		{
			"Distance": 8979.4130859375,
			"PathIndex": 48
		},
		"47":
		{
			"Distance": 8832.0380859375,
			"PathIndex": 48
		},
		"48":
		{
			"Distance": 6427.6015625,
			"PathIndex": 19
		},
		"49":
		{
			"Distance": 16686.322265625,
			"PathIndex": 57
		},
		"50":
		{
			"Distance": 12043.1787109375,
			"PathIndex": 5
		},
		"51":
		{
			"Distance": 9387.291015625,
			"PathIndex": 54
		},
		"52":
		{
			"Distance": 10951.5849609375,
			"PathIndex": 47
		},
		"53":
		{
			"Distance": 12795.8369140625,
			"PathIndex": 47
		},
		"54":
		{
			"Distance": 6039.6806640625,
			"PathIndex": 19
		},
		"55":
		{
			"Distance": 13312.3017578125,
			"PathIndex": 52
		},
		"56":
		{
			"Distance": 15136.0546875,
			"PathIndex": 6
		},
		"57":
		{
			"Distance": 15303.5302734375,
			"PathIndex": 26
		}
	}
}