{
	"BP_Arrow":
	{
		"Index": 0,
		"1":
		{
			"Distance": 1340.7451171875,
			"PathIndex": 0
		},
		"2":
		{
			"Distance": 1097.6986083984375,
			"PathIndex": 0
		}
	}
}