{
	"BP_Arrow2":
	{
		"Index": 0,
		"1":
		{
			"Distance": 16499.44921875,
			"PathIndex": 41
		},
		"2":
		{
			"Distance": 22673.625,
			"PathIndex": 11
		},
		"3":
		{
			"Distance": 14456.833984375,
			"PathIndex": 47
		},
		"4":
		{
			"Distance": 26432.400390625,
			"PathIndex": 8
		},
		"5":
		{
			"Distance": 17967.904296875,
			"PathIndex": 31
		},
		"6":
		{
			"Distance": 14249.9716796875,
			"PathIndex": 21
		},
		"7":
		{
			"Distance": 26110.876953125,
			"PathIndex": 8
		},
		"8":
		{
			"Distance": 24793.001953125,
			"PathIndex": 19
		},
		"9":
		{
			"Distance": 17591.6171875,
			"PathIndex": 48
		},
		"10":
		{
			"Distance": 21694.9609375,
			"PathIndex": 23
		},
		"11":
		{
			"Distance": 20897.484375,
			"PathIndex": 15
		},
		"12":
		{
			"Distance": 25403.701171875,
			"PathIndex": 19
		},
		"13":
		{
			"Distance": 20751.25,
			"PathIndex": 15
		},
		"14":
		{
			"Distance": 19316.634765625,
			"PathIndex": 15
		},
		"15":
		{
			"Distance": 17178.61328125,
			"PathIndex": 48
		},
		"16":
		{
			"Distance": 2603.709228515625,
			"PathIndex": 0
		},
		"17":
		{
			"Distance": 23990.134765625,
			"PathIndex": 2
		},
		"18":
		{
			"Distance": 20620.31640625,
			"PathIndex": 25
		},
		"19":
		{
			"Distance": 21883.138671875,
			"PathIndex": 23
		},
		"20":
		{
			"Distance": 22827.40234375,
			"PathIndex": 23
		},
		"21":
		{
			"Distance": 12214.158203125,
			"PathIndex": 52
		},
		"22":
		{
			"Distance": 25273.93359375,
			"PathIndex": 17
		},
		"23":
		{
			"Distance": 19207.384765625,
			"PathIndex": 25
		},
		"24":
		{
			"Distance": 27033.21875,
			"PathIndex": 17
		},
		"25":
		{
			"Distance": 16952.265625,
			"PathIndex": 28
		},
		"26":
		{
			"Distance": 13374.619140625,
			"PathIndex": 47
		},
		"27":
		{
			"Distance": 25548.2265625,
			"PathIndex": 17
		},
		"28":
		{
			"Distance": 13931.837890625,
			"PathIndex": 47
		},
		"29":
		{
			"Distance": 26217.291015625,
			"PathIndex": 17
		},
		"30":
		{
			"Distance": 26549.58203125,
			"PathIndex": 17
		},
		"31":
		{
			"Distance": 16712.236328125,
			"PathIndex": 6
		},
		"32":
		{
			"Distance": 4998.447265625,
			"PathIndex": 39
		},
		"33":
		{
			"Distance": 27596.15234375,
			"PathIndex": 17
		},
		"34":
		{
			"Distance": 4448.2255859375,
			"PathIndex": 39
		},
		"35":
		{
			"Distance": 8216.3203125,
			"PathIndex": 38
		},
		"36":
		{
			"Distance": 7353.595703125,
			"PathIndex": 34
		},
		"37":
		{
			"Distance": 29053.7578125,
			"PathIndex": 24
		},
		"38":
		{
			"Distance": 5656.7685546875,
			"PathIndex": 34
		},
		"39":
		{
			"Distance": 3123.064697265625,
			"PathIndex": 0
		},
		"40":
		{
			"Distance": 12360.20703125,
			"PathIndex": 52
		},
		"41":
		{
			"Distance": 13879.3935546875,
			"PathIndex": 40
		},
		"42":
		{
			"Distance": 14715.388671875,
			"PathIndex": 40
		},
		"43":
		{
			"Distance": 15461.021484375,
			"PathIndex": 40
		},
		"44":
		{
			"Distance": 15759.4677734375,
			"PathIndex": 40
		},
		"45":
		{
			"Distance": 17093.958984375,
			"PathIndex": 48
		},
		"46":
		{
			"Distance": 18260.205078125,
			"PathIndex": 31
		},
		"47":
		{
			"Distance": 10593.8193359375,
			"PathIndex": 36
		},
		"48":
		{
			"Distance": 13826.966796875,
			"PathIndex": 47
		},
		"49":
		{
			"Distance": 18759.013671875,
			"PathIndex": 45
		},
		"50":
		{
			"Distance": 15309.30078125,
			"PathIndex": 48
		},
		"51":
		{
			"Distance": 19469.912109375,
			"PathIndex": 45
		},
		"52":
		{
			"Distance": 9073.33984375,
			"PathIndex": 38
		},
		"53":
		{
			"Distance": 14399.18359375,
			"PathIndex": 47
		}
	},
	"BP_Arrow3":
	{
		"Index": 1,
		"0":
		{
			"Distance": 16499.44921875,
			"PathIndex": 39
		},
		"2":
		{
			"Distance": 17422.423828125,
			"PathIndex": 11
		},
		"3":
		{
			"Distance": 9565.431640625,
			"PathIndex": 21
		},
		"4":
		{
			"Distance": 21907.45703125,
			"PathIndex": 8
		},
		"5":
		{
			"Distance": 12535.876953125,
			"PathIndex": 31
		},
		"6":
		{
			"Distance": 8817.9453125,
			"PathIndex": 21
		},
		"7":
		{
			"Distance": 21585.93359375,
			"PathIndex": 8
		},
		"8":
		{
			"Distance": 20268.05859375,
			"PathIndex": 19
		},
		"9":
		{
			"Distance": 12284.3203125,
			"PathIndex": 6
		},
		"10":
		{
			"Distance": 17170.01953125,
			"PathIndex": 23
		},
		"11":
		{
			"Distance": 15646.2822265625,
			"PathIndex": 15
		},
		"12":
		{
			"Distance": 20878.7578125,
			"PathIndex": 19
		},
		"13":
		{
			"Distance": 15500.0458984375,
			"PathIndex": 15
		},
		"14":
		{
			"Distance": 14065.431640625,
			"PathIndex": 15
		},
		"15":
		{
			"Distance": 11927.41015625,
			"PathIndex": 6
		},
		"16":
		{
			"Distance": 15533.595703125,
			"PathIndex": 34
		},
		"17":
		{
			"Distance": 18738.93359375,
			"PathIndex": 2
		},
		"18":
		{
			"Distance": 16095.373046875,
			"PathIndex": 25
		},
		"19":
		{
			"Distance": 17358.1953125,
			"PathIndex": 23
		},
		"20":
		{
			"Distance": 18302.458984375,
			"PathIndex": 23
		},
		"21":
		{
			"Distance": 6782.1318359375,
			"PathIndex": 40
		},
		"22":
		{
			"Distance": 20022.732421875,
			"PathIndex": 17
		},
		"23":
		{
			"Distance": 14682.44140625,
			"PathIndex": 25
		},
		"24":
		{
			"Distance": 21782.017578125,
			"PathIndex": 17
		},
		"25":
		{
			"Distance": 12427.322265625,
			"PathIndex": 28
		},
		"26":
		{
			"Distance": 8038.2607421875,
			"PathIndex": 40
		},
		"27":
		{
			"Distance": 20297.025390625,
			"PathIndex": 17
		},
		"28":
		{
			"Distance": 9406.8935546875,
			"PathIndex": 21
		},
		"29":
		{
			"Distance": 20966.08984375,
			"PathIndex": 17
		},
		"30":
		{
			"Distance": 21298.380859375,
			"PathIndex": 17
		},
		"31":
		{
			"Distance": 11280.208984375,
			"PathIndex": 6
		},
		"32":
		{
			"Distance": 14447.798828125,
			"PathIndex": 38
		},
		"33":
		{
			"Distance": 22344.951171875,
			"PathIndex": 17
		},
		"34":
		{
			"Distance": 12051.22265625,
			"PathIndex": 38
		},
		"35":
		{
			"Distance": 8532.33203125,
			"PathIndex": 47
		},
		"36":
		{
			"Distance": 9315.0634765625,
			"PathIndex": 47
		},
		"37":
		{
			"Distance": 23802.55859375,
			"PathIndex": 24
		},
		"38":
		{
			"Distance": 10842.6796875,
			"PathIndex": 52
		},
		"39":
		{
			"Distance": 13376.3837890625,
			"PathIndex": 34
		},
		"40":
		{
			"Distance": 4139.2421875,
			"PathIndex": 41
		},
		"41":
		{
			"Distance": 2620.0556640625,
			"PathIndex": 1
		},
		"42":
		{
			"Distance": 2694.31689453125,
			"PathIndex": 1
		},
		"43":
		{
			"Distance": 1588.8994140625,
			"PathIndex": 1
		},
		"44":
		{
			"Distance": 1867.5401611328125,
			"PathIndex": 1
		},
		"45":
		{
			"Distance": 12061.23046875,
			"PathIndex": 6
		},
		"46":
		{
			"Distance": 12828.177734375,
			"PathIndex": 31
		},
		"47":
		{
			"Distance": 6074.83984375,
			"PathIndex": 41
		},
		"48":
		{
			"Distance": 8882.30859375,
			"PathIndex": 21
		},
		"49":
		{
			"Distance": 13726.28515625,
			"PathIndex": 45
		},
		"50":
		{
			"Distance": 10172.623046875,
			"PathIndex": 21
		},
		"51":
		{
			"Distance": 14437.18359375,
			"PathIndex": 45
		},
		"52":
		{
			"Distance": 7426.10888671875,
			"PathIndex": 40
		},
		"53":
		{
			"Distance": 9630.0390625,
			"PathIndex": 21
		}
	},
	"BP_Arrow":
	{
		"Index": 2,
		"0":
		{
			"Distance": 22673.626953125,
			"PathIndex": 39
		},
		"1":
		{
			"Distance": 17422.421875,
			"PathIndex": 41
		},
		"3":
		{
			"Distance": 13423.5908203125,
			"PathIndex": 21
		},
		"4":
		{
			"Distance": 25765.6171875,
			"PathIndex": 8
		},
		"5":
		{
			"Distance": 8803.0078125,
			"PathIndex": 15
		},
		"6":
		{
			"Distance": 8604.4775390625,
			"PathIndex": 15
		},
		"7":
		{
			"Distance": 25444.09375,
			"PathIndex": 8
		},
		"8":
		{
			"Distance": 24126.21875,
			"PathIndex": 19
		},
		"9":
		{
			"Distance": 7185.421875,
			"PathIndex": 15
		},
		"10":
		{
			"Distance": 21028.1796875,
			"PathIndex": 23
		},
		"11":
		{
			"Distance": 1776.1407470703125,
			"PathIndex": 2
		},
		"12":
		{
			"Distance": 24736.91796875,
			"PathIndex": 19
		},