{
	"BP_Arrow2":
	{
		"Index": 0,
		"1":
		{
			"Distance": 14727.875,
			"PathIndex": 23
		},
		"2":
		{
			"Distance": 20130.140625,
			"PathIndex": 33
		},
		"3":
		{
			"Distance": 9705.1708984375,
			"PathIndex": 12
		},
		"4":
		{
			"Distance": 10940.037109375,
			"PathIndex": 3
		},
		"5":
		{
			"Distance": 16891.947265625,
			"PathIndex": 20
		},
		"6":
		{
			"Distance": 10232.857421875,
			"PathIndex": 13
		},
		"7":
		{
			"Distance": 7859.525390625,
			"PathIndex": 12
		},
		"8":
		{
			"Distance": 13123.736328125,
			"PathIndex": 18
		},
		"9":
		{
			"Distance": 13915.5859375,
			"PathIndex": 23
		},
		"10":
		{
			"Distance": 5088.2421875,
			"PathIndex": 30
		},
		"11":
		{
			"Distance": 7259.64208984375,
			"PathIndex": 36
		},
		"12":
		{
			"Distance": 6299.7685546875,
			"PathIndex": 30
		},
		"13":
		{
			"Distance": 8272.7109375,
			"PathIndex": 36
		},
		"14":
		{
			"Distance": 11246.7197265625,
			"PathIndex": 41
		},
		"15":
		{
			"Distance": 12059.802734375,
			"PathIndex": 18
		},
		"16":
		{
			"Distance": 9829.83984375,
			"PathIndex": 11
		},
		"17":
		{
			"Distance": 8004.94140625,
			"PathIndex": 12
		},
		"18":
		{
			"Distance": 10748.0498046875,
			"PathIndex": 11
		},
		"19":
		{
			"Distance": 14469.341796875,
			"PathIndex": 23
		},
		"20":
		{
			"Distance": 13980.6669921875,
			"PathIndex": 18
		},
		"21":
		{
			"Distance": 3364.9013671875,
			"PathIndex": 0
		},
		"22":
		{
			"Distance": 13617.9375,
			"PathIndex": 23
		},
		"23":
		{
			"Distance": 11311.228515625,
			"PathIndex": 17
		},
		"24":
		{
			"Distance": 4799.8701171875,
			"PathIndex": 30
		},
		"25":
		{
			"Distance": 13060.34765625,
			"PathIndex": 18
		},
		"26":
		{
			"Distance": 15565.0732421875,
			"PathIndex": 20
		},
		"27":
		{
			"Distance": 15137.5380859375,
			"PathIndex": 25
		},
		"28":
		{
			"Distance": 8950.4560546875,
			"PathIndex": 12
		},
		"29":
		{
			"Distance": 14147.0546875,
			"PathIndex": 18
		},
		"30":
		{
			"Distance": 3428.406982421875,
			"PathIndex": 0
		},
		"31":
		{
			"Distance": 2335.077392578125,
			"PathIndex": 0
		},
		"32":
		{
			"Distance": 10607.0009765625,
			"PathIndex": 7
		},
		"33":
		{
			"Distance": 17954.20703125,
			"PathIndex": 20
		},
		"34":
		{
			"Distance": 13975.60546875,
			"PathIndex": 35
		},
		"35":
		{
			"Distance": 12490.0712890625,
			"PathIndex": 32
		},
		"36":
		{
			"Distance": 4947.8623046875,
			"PathIndex": 31
		},
		"37":
		{
			"Distance": 14609.21875,
			"PathIndex": 18
		},
		"38":
		{
			"Distance": 13598.4912109375,
			"PathIndex": 23
		},
		"39":
		{
			"Distance": 4768.0576171875,
			"PathIndex": 31
		},
		"40":
		{
			"Distance": 15056.19921875,
			"PathIndex": 23
		},
		"41":
		{
			"Distance": 9914.1484375,
			"PathIndex": 17
		}
	},
	"BP_Arrow3":
	{
		"Index": 1,
		"0":
		{
			"Distance": 14727.8740234375,
			"PathIndex": 30
		},
		"2":
		{
			"Distance": 11069.3046875,
			"PathIndex": 33
		},
		"3":
		{
			"Distance": 7874.5048828125,
			"PathIndex": 14
		},
		"4":
		{
			"Distance": 6679.8720703125,
			"PathIndex": 23
		},
		"5":
		{
			"Distance": 7557.1708984375,
			"PathIndex": 19
		},
		"6":
		{
			"Distance": 14227.8291015625,
			"PathIndex": 18
		},
		"7":
		{
			"Distance": 8181.662109375,
			"PathIndex": 17
		},
		"8":
		{
			"Distance": 11749.0234375,
			"PathIndex": 29
		},
		"9":
		{
			"Distance": 4204.75927734375,
			"PathIndex": 22
		},
		"10":
		{
			"Distance": 9706.3203125,
			"PathIndex": 17
		},
		"11":
		{
			"Distance": 15075.90234375,
			"PathIndex": 18
		},
		"12":
		{
			"Distance": 8428.10546875,
			"PathIndex": 17
		},
		"13":
		{
			"Distance": 14143.14453125,
			"PathIndex": 18
		},
		"14":
		{
			"Distance": 4623.4755859375,
			"PathIndex": 22
		},
		"15":
		{
			"Distance": 10426.4228515625,
			"PathIndex": 29
		},
		"16":
		{
			"Distance": 12847.294921875,
			"PathIndex": 18
		},
		"17":
		{
			"Distance": 6722.93310546875,
			"PathIndex": 23
		},
		"18":
		{
			"Distance": 11587.494140625,
			"PathIndex": 29
		},
		"19":
		{
			"Distance": 3998.50830078125,
			"PathIndex": 22
		},
		"20":
		{
			"Distance": 9450.248046875,
			"PathIndex": 29
		},
		"21":
		{
			"Distance": 14163.9755859375,
			"PathIndex": 30
		},
		"22":
		{
			"Distance": 1372.2969970703125,
			"PathIndex": 1
		},
		"23":
		{
			"Distance": 3416.64599609375,
			"PathIndex": 1
		},
		"24":
		{
			"Distance": 10283.9619140625,
			"PathIndex": 12
		},
		"25":
		{
			"Distance": 11147.10546875,
			"PathIndex": 29
		},
		"26":
		{
			"Distance": 10245.01171875,
			"PathIndex": 37
		},
		"27":
		{
			"Distance": 13224.2958984375,
			"PathIndex": 25
		},
		"28":
		{
			"Distance": 9388.4033203125,
			"PathIndex": 7
		},
		"29":
		{
			"Distance": 8188.4892578125,
			"PathIndex": 40
		},
		"30":
		{
			"Distance": 11299.466796875,
			"PathIndex": 12
		},
		"31":
		{
			"Distance": 12883.58984375,
			"PathIndex": 10
		},
		"32":
		{
			"Distance": 8752.333984375,
			"PathIndex": 4
		},
		"33":
		{
			"Distance": 8893.37109375,
			"PathIndex": 5
		},
		"34":
		{
			"Distance": 11010.8623046875,
			"PathIndex": 35
		},
		"35":
		{
			"Distance": 9525.328125,
			"PathIndex": 4
		},
		"36":
		{
			"Distance": 15496.375,
			"PathIndex": 31
		},
		"37":
		{
			"Distance": 7932.1845703125,
			"PathIndex": 40
		},
		"38":
		{
			"Distance": 3303.453369140625,
			"PathIndex": 1
		},
		"39":
		{
			"Distance": 11717.859375,
			"PathIndex": 24
		},
		"40":
		{
			"Distance": 4857.72021484375,
			"PathIndex": 38
		},
		"41":
		{
			"Distance": 5541.8896484375,
			"PathIndex": 23
		}
	},
	"BP_Arrow":
	{
		"Index": 2,
		"0":
		{
			"Distance": 20130.142578125,
			"PathIndex": 31
		},
		"1":
		{
			"Distance": 11069.3037109375,
			"PathIndex": 22
		},
		"3":
		{
			"Distance": 14727.0029296875,
			"PathIndex": 4
		},
		"4":
		{
			"Distance": 13492.13671875,
			"PathIndex": 23
		},
		"5":
		{
			"Distance": 3512.13330078125,
			"PathIndex": 33
		},
		"6":
		{
			"Distance": 12022.42578125,
			"PathIndex": 18
		},
		"7":
		{
			"Distance": 14993.92578125,
			"PathIndex": 17
		},
		"8":
		{
			"Distance": 9543.619140625,
			"PathIndex": 20
		},
		"9":
		{
			"Distance": 12529.46875,
			"PathIndex": 22
		},
		"10":
		{
			"Distance": 16518.583984375,
			"PathIndex": 17
		},
		"11":
		{
			"Distance": 12870.4990234375,
			"PathIndex": 18
		},
		"12":
		{
			"Distance": 15240.3701171875,
			"PathIndex": 17
		},
		"13":
		{
			"Distance": 11937.7412109375,
			"PathIndex": 18
		},
		"14":
		{
			"Distance": 11832.7158203125,
			"PathIndex": 23
		},
		"15":
		{
			"Distance": 8221.01953125,
			"PathIndex": 20
		},
		"16":
		{
			"Distance": 10641.8916015625,
			"PathIndex": 18
		},
		"17":
		{
			"Distance": 13535.197265625,
			"PathIndex": 23
		},
		"18":
		{
			"Distance": 9382.0908203125,
			"PathIndex": 20
		},
		"19":
		{
			"Distance": 7070.7958984375,
			"PathIndex": 5
		},
		"20":
		{
			"Distance": 6149.4736328125,
			"PathIndex": 33
		},
		"21":
		{
			"Distance": 17040.8203125,
			"PathIndex": 36
		},
		"22":
		{
			"Distance": 9697.0068359375,
			"PathIndex": 19
		},
		"23":
		{
			"Distance": 10228.91015625,
			"PathIndex": 19
		},
		"24":
		{
			"Distance": 17096.2265625,
			"PathIndex": 12
		},
		"25":
		{
			"Distance": 9059.703125,
			"PathIndex": 20
		},
		"26":
		{
			"Distance": 6754.0537109375,
			"PathIndex": 5
		},
		"27":
		{
			"Distance": 11136.8935546875,
			"PathIndex": 25
		},
		"28":
		{
			"Distance": 16200.6669921875,
			"PathIndex": 7
		},
		"29":
		{
			"Distance": 7411.232421875,
			"PathIndex": 20
		},
		"30":
		{
			"Distance": 18111.732421875,
			"PathIndex": 12
		},
		"31":
		{
			"Distance": 17795.064453125,
			"PathIndex": 36
		},
		"32":
		{
			"Distance": 15564.59765625,
			"PathIndex": 4
		},
		"33":
		{
			"Distance": 2175.93310546875,
			"PathIndex": 2
		},
		"34":
		{
			"Distance": 17823.126953125,
			"PathIndex": 35
		},
		"35":
		{
			"Distance": 16337.5927734375,
			"PathIndex": 4
		},