{
	"BP_Arrow2":
	{
		"Index": 0,
		"1":
		{
			"Distance": 12418.5908203125,
			"PathIndex": 49
		},
		"2":
		{
			"Distance": 12711.94921875,
			"PathIndex": 42
		},
		"3":
		{
			"Distance": 7353.6533203125,
			"PathIndex": 38
		},
		"4":
		{
			"Distance": 12339.4873046875,
			"PathIndex": 19
		},
		"5":
		{
			"Distance": 10378.5888671875,
			"PathIndex": 9
		},
		"6":
		{
			"Distance": 14150.666015625,
			"PathIndex": 15
		},
		"7":
		{
			"Distance": 10944.923828125,
			"PathIndex": 19
		},
		"8":
		{
			"Distance": 11464.5966796875,
			"PathIndex": 26
		},
		"9":
		{
			"Distance": 9132.4375,
			"PathIndex": 16
		},
		"10":
		{
			"Distance": 13600.447265625,
			"PathIndex": 24
		},
		"11":
		{
			"Distance": 12827.0244140625,
			"PathIndex": 24
		},
		"12":
		{
			"Distance": 11185.59765625,
			"PathIndex": 14
		},
		"13":
		{
			"Distance": 10207.810546875,
			"PathIndex": 31
		},
		"14":
		{
			"Distance": 9752.78125,
			"PathIndex": 16
		},
		"15":
		{
			"Distance": 10375.8984375,
			"PathIndex": 9
		},
		"16":
		{
			"Distance": 7877.9638671875,
			"PathIndex": 27
		},
		"17":
		{
			"Distance": 12858.9765625,
			"PathIndex": 9
		},
		"18":
		{
			"Distance": 13763.9609375,
			"PathIndex": 30
		},
		"19":
		{
			"Distance": 9741.7890625,
			"PathIndex": 31
		},
		"20":
		{
			"Distance": 9698.8427734375,
			"PathIndex": 34
		},
		"21":
		{
			"Distance": 10041.537109375,
			"PathIndex": 26
		},
		"22":
		{
			"Distance": 11426.708984375,
			"PathIndex": 20
		},
		"23":
		{
			"Distance": 12192.791015625,
			"PathIndex": 9
		},
		"24":
		{
			"Distance": 10862.8935546875,
			"PathIndex": 37
		},
		"25":
		{
			"Distance": 1396.742919921875,
			"PathIndex": 0
		},
		"26":
		{
			"Distance": 8223.7109375,
			"PathIndex": 38
		},
		"27":
		{
			"Distance": 4928.017578125,
			"PathIndex": 32
		},
		"28":
		{
			"Distance": 7047.04296875,
			"PathIndex": 27
		},
		"29":
		{
			"Distance": 11230.404296875,
			"PathIndex": 41
		},
		"30":
		{
			"Distance": 11901.0771484375,
			"PathIndex": 41
		},
		"31":
		{
			"Distance": 6887.08349609375,
			"PathIndex": 38
		},
		"32":
		{
			"Distance": 2558.01220703125,
			"PathIndex": 0
		},
		"33":
		{
			"Distance": 6382.708984375,
			"PathIndex": 38
		},
		"34":
		{
			"Distance": 5893.36083984375,
			"PathIndex": 32
		},
		"35":
		{
			"Distance": 5442.1435546875,
			"PathIndex": 32
		},
		"36":
		{
			"Distance": 10217.1845703125,
			"PathIndex": 40
		},
		"37":
		{
			"Distance": 8170.3525390625,
			"PathIndex": 35
		},
		"38":
		{
			"Distance": 4266.3984375,
			"PathIndex": 32
		},
		"39":
		{
			"Distance": 7735.53759765625,
			"PathIndex": 45
		},
		"40":
		{
			"Distance": 7221.265625,
			"PathIndex": 34
		},
		"41":
		{
			"Distance": 8732.9208984375,
			"PathIndex": 47
		},
		"42":
		{
			"Distance": 9736.556640625,
			"PathIndex": 47
		},
		"43":
		{
			"Distance": 11648.3984375,
			"PathIndex": 42
		},
		"44":
		{
			"Distance": 5748.32958984375,
			"PathIndex": 32
		},
		"45":
		{
			"Distance": 5531.6025390625,
			"PathIndex": 32
		},
		"46":
		{
			"Distance": 7823.4208984375,
			"PathIndex": 35
		},
		"47":
		{
			"Distance": 6793.9033203125,
			"PathIndex": 45
		},
		"48":
		{
			"Distance": 7364.3017578125,
			"PathIndex": 38
		},
		"49":
		{
			"Distance": 10362.56640625,
			"PathIndex": 46
		},
		"50":
		{
			"Distance": 8625.1171875,
			"PathIndex": 47
		},
		"51":
		{
			"Distance": 9822.77734375,
			"PathIndex": 47
		},
		"52":
		{
			"Distance": 10486.2421875,
			"PathIndex": 47
		},
		"53":
		{
			"Distance": 8581.142578125,
			"PathIndex": 3
		},
		"54":
		{
			"Distance": 7821.544921875,
			"PathIndex": 45
		},
		"55":
		{
			"Distance": 8656.77734375,
			"PathIndex": 45
		},
		"56":
		{
			"Distance": 9841.9931640625,
			"PathIndex": 50
		}
	},
	"BP_Arrow3":
	{
		"Index": 1,
		"0":
		{
			"Distance": 12418.58984375,
			"PathIndex": 32
		},
		"2":
		{
			"Distance": 10543.02734375,
			"PathIndex": 42
		},
		"3":
		{
			"Distance": 9240.85546875,
			"PathIndex": 47
		},
		"4":
		{
			"Distance": 14759.1015625,
			"PathIndex": 15
		},
		"5":
		{
			"Distance": 13451.853515625,
			"PathIndex": 9
		},
		"6":
		{
			"Distance": 12942.9912109375,
			"PathIndex": 23
		},
		"7":
		{
			"Distance": 14890.7939453125,
			"PathIndex": 19
		},
		"8":
		{
			"Distance": 14406.0048828125,
			"PathIndex": 15
		},
		"9":
		{
			"Distance": 12205.7021484375,
			"PathIndex": 16
		},
		"10":
		{
			"Distance": 12749.462890625,
			"PathIndex": 23
		},
		"11":
		{
			"Distance": 13973.77734375,
			"PathIndex": 23
		},
		"12":
		{
			"Distance": 13447.7294921875,
			"PathIndex": 14
		},
		"13":
		{
			"Distance": 13656.517578125,
			"PathIndex": 26
		},
		"14":
		{
			"Distance": 12014.9130859375,
			"PathIndex": 28
		},
		"15":
		{
			"Distance": 12445.826171875,
			"PathIndex": 23
		},
		"16":
		{
			"Distance": 10951.228515625,
			"PathIndex": 35
		},
		"17":
		{
			"Distance": 12095.4619140625,
			"PathIndex": 23
		},
		"18":
		{
			"Distance": 11331.6826171875,
			"PathIndex": 29
		},
		"19":
		{
			"Distance": 13687.6591796875,
			"PathIndex": 39
		},
		"20":
		{
			"Distance": 12110.111328125,
			"PathIndex": 34
		},
		"21":
		{
			"Distance": 13467.341796875,
			"PathIndex": 26
		},
		"22":
		{
			"Distance": 13837.978515625,
			"PathIndex": 20
		},
		"23":
		{
			"Distance": 10309.8525390625,
			"PathIndex": 29
		},
		"24":
		{
			"Distance": 12397.197265625,
			"PathIndex": 37
		},
		"25":
		{
			"Distance": 11533.958984375,
			"PathIndex": 32
		},
		"26":
		{
			"Distance": 11649.515625,
			"PathIndex": 45
		},
		"27":
		{
			"Distance": 8206.396484375,
			"PathIndex": 46
		},
		"28":
		{
			"Distance": 8862.109375,
			"PathIndex": 35
		},
		"29":
		{
			"Distance": 8715.701171875,
			"PathIndex": 50
		},
		"30":
		{
			"Distance": 9846.85546875,
			"PathIndex": 42
		},
		"31":
		{
			"Distance": 11990.431640625,
			"PathIndex": 39
		},
		"32":
		{
			"Distance": 9860.578125,
			"PathIndex": 35
		},
		"33":
		{
			"Distance": 9258.5791015625,
			"PathIndex": 47
		},
		"34":
		{
			"Distance": 8304.62890625,
			"PathIndex": 46
		},
		"35":
		{
			"Distance": 6976.447265625,
			"PathIndex": 46
		},
		"36":
		{
			"Distance": 12628.453125,
			"PathIndex": 40
		},
		"37":
		{
			"Distance": 9704.65625,
			"PathIndex": 35
		},
		"38":
		{
			"Distance": 9727.111328125,
			"PathIndex": 47
		},
		"39":
		{
			"Distance": 9908.416015625,
			"PathIndex": 47
		},
		"40":
		{
			"Distance": 9632.5341796875,
			"PathIndex": 34
		},
		"41":
		{
			"Distance": 7032.6533203125,
			"PathIndex": 50
		},
		"42":
		{
			"Distance": 7567.6357421875,
			"PathIndex": 50
		},
		"43":
		{
			"Distance": 9479.4775390625,
			"PathIndex": 42
		},
		"44":
		{
			"Distance": 10795.1044921875,
			"PathIndex": 47
		},
		"45":
		{
			"Distance": 8316.6123046875,
			"PathIndex": 47
		},
		"46":
		{
			"Distance": 4595.169921875,
			"PathIndex": 49
		},
		"47":
		{
			"Distance": 7054.3115234375,
			"PathIndex": 50
		},
		"48":
		{
			"Distance": 10348.65234375,
			"PathIndex": 45
		},
		"49":
		{
			"Distance": 2056.0244140625,
			"PathIndex": 1
		},
		"50":
		{
			"Distance": 5223.09765625,
			"PathIndex": 49
		},
		"51":
		{
			"Distance": 8180.77978515625,
			"PathIndex": 50
		},
		"52":
		{
			"Distance": 8844.244140625,
			"PathIndex": 50
		},
		"53":
		{
			"Distance": 10468.3447265625,
			"PathIndex": 3
		},
		"54":
		{
			"Distance": 9232.5029296875,
			"PathIndex": 47
		},
		"55":
		{
			"Distance": 8658.5869140625,
			"PathIndex": 50
		},
		"56":
		{
			"Distance": 5391.7060546875,
			"PathIndex": 49
		}
	},
	"BP_Arrow":
	{
		"Index": 2,
		"0":
		{
			"Distance": 12711.94921875,
			"PathIndex": 32
		},
		"1":
		{
			"Distance": 10543.0283203125,
			"PathIndex": 49
		},
		"3":
		{
			"Distance": 8104.58984375,
			"PathIndex": 47
		},
		"4":
		{
			"Distance": 9568.9853515625,
			"PathIndex": 15
		},
		"5":
		{
			"Distance": 8914.76953125,
			"PathIndex": 23
		},
		"6":
		{
			"Distance": 7752.87451171875,