{
	"BP_Arrow2":
	{
		"Index": 0,
		"1":
		{
			"Distance": 17798.4921875,
			"PathIndex": 5
		},
		"2":
		{
			"Distance": 3533.933837890625,
			"PathIndex": 0
		},
		"3":
		{
			"Distance": 3071.82275390625,
			"PathIndex": 16
		},
		"4":
		{
			"Distance": 16462.73046875,
			"PathIndex": 9
		},
		"5":
		{
			"Distance": 15734.44921875,
			"PathIndex": 13
		},
		"6":
		{
			"Distance": 8716.34375,
			"PathIndex": 10
		},
		"7":
		{
			"Distance": 7345.6630859375,
			"PathIndex": 2
		},
		"8":
		{
			"Distance": 12633.7001953125,
			"PathIndex": 6
		},
		"9":
		{
			"Distance": 12467.841796875,
			"PathIndex": 6
		},
		"10":
		{
			"Distance": 5268.78076171875,
			"PathIndex": 2
		},
		"11":
		{
			"Distance": 16581.658203125,
			"PathIndex": 12
		},
		"12":
		{
			"Distance": 14200.6337890625,
			"PathIndex": 9
		},
		"13":
		{
			"Distance": 14523.6728515625,
			"PathIndex": 8
		},
		"14":
		{
			"Distance": 14332.2607421875,
			"PathIndex": 9
		},
		"15":
		{
			"Distance": 4598.5849609375,
			"PathIndex": 16
		},
		"16":
		{
			"Distance": 1445.221435546875,
			"PathIndex": 0
		},
		"17":
		{
			"Distance": 14042.9169921875,
			"PathIndex": 9
		},
		"18":
		{
			"Distance": 1514.847412109375,
			"PathIndex": 0
		},
		"19":
		{
			"Distance": 15901.58203125,
			"PathIndex": 12
		}
	},
	"BP_Arrow":
	{
		"Index": 1,
		"0":
		{
			"Distance": 17798.4921875,
			"PathIndex": 2
		},
		"2":
		{
			"Distance": 14264.55859375,
			"PathIndex": 10
		},
		"3":
		{
			"Distance": 15268.2724609375,
			"PathIndex": 10
		},
		"4":
		{
			"Distance": 10147.953125,
			"PathIndex": 17
		},
		"5":
		{
			"Distance": 2064.043701171875,
			"PathIndex": 1
		},
		"6":
		{
			"Distance": 9082.1494140625,
			"PathIndex": 8
		},
		"7":
		{
			"Distance": 10836.4384765625,
			"PathIndex": 6
		},
		"8":
		{
			"Distance": 5164.79296875,
			"PathIndex": 13
		},
		"9":
		{
			"Distance": 6497.43115234375,
			"PathIndex": 13
		},
		"10":
		{
			"Distance": 12529.7119140625,
			"PathIndex": 6
		},
		"11":
		{
			"Distance": 10535.611328125,
			"PathIndex": 12
		},
		"12":
		{
			"Distance": 8154.58740234375,
			"PathIndex": 8
		},
		"13":
		{
			"Distance": 3274.820068359375,
			"PathIndex": 5
		},
		"14":
		{
			"Distance": 8286.2138671875,
			"PathIndex": 8
		},
		"15":
		{
			"Distance": 14043.794921875,
			"PathIndex": 10
		},
		"16":
		{
			"Distance": 16417.51953125,
			"PathIndex": 2
		},
		"17":
		{
			"Distance": 7211.404296875,
			"PathIndex": 13
		},
		"18":
		{
			"Distance": 16855.513671875,
			"PathIndex": 2
		},
		"19":
		{
			"Distance": 9855.53515625,
			"PathIndex": 12
		}
	}
}