{
	"BP_Arrow1":
	{
		"Index": 0,
		"1":
		{
			"Distance": 7608.94921875,
			"PathIndex": 3
		},
		"2":
		{
			"Distance": 5123.5888671875,
			"PathIndex": 4
		},
		"3":
		{
			"Distance": 4008.833740234375,
			"PathIndex": 4
		},
		"4":
		{
			"Distance": 2776.01123046875,
			"PathIndex": 0
		},
		"5":
		{
			"Distance": 6985.580078125,
			"PathIndex": 3
		},
		"6":
		{
			"Distance": 1280.876953125,
			"PathIndex": 0
		}
	},
	"BP_Arrow":
	{
		"Index": 1,
		"0":
		{
			"Distance": 7608.94921875,
			"PathIndex": 4
		},
		"2":
		{
			"Distance": 2627.19921875,
			"PathIndex": 1
		},
		"3":
		{
			"Distance": 3600.115478515625,
			"PathIndex": 1
		},
		"4":
		{
			"Distance": 4832.93798828125,
			"PathIndex": 3
		},
		"5":
		{
			"Distance": 1212.3126220703125,
			"PathIndex": 1
		},
		"6":
		{
			"Distance": 6519.93701171875,
			"PathIndex": 4
		}
	}
}