{
	"BP_Arrow2":
	{
		"Index": 0,
		"1":
		{
			"Distance": 9353.583984375,
			"PathIndex": 22
		},
		"2":
		{
			"Distance": 12072.5732421875,
			"PathIndex": 3
		},
		"3":
		{
			"Distance": 10798.7763671875,
			"PathIndex": 8
		},
		"4":
		{
			"Distance": 9589.634765625,
			"PathIndex": 13
		},
		"5":
		{
			"Distance": 9266.736328125,
			"PathIndex": 13
		},
		"6":
		{
			"Distance": 8930.650390625,
			"PathIndex": 13
		},
		"7":
		{
			"Distance": 8297.740234375,
			"PathIndex": 13
		},
		"8":
		{
			"Distance": 7465.33740234375,
			"PathIndex": 13
		},
		"9":
		{
			"Distance": 9344.666015625,
			"PathIndex": 13
		},
		"10":
		{
			"Distance": 7056.05224609375,
			"PathIndex": 13
		},
		"11":
		{
			"Distance": 3601.568359375,
			"PathIndex": 0
		},
		"12":
		{
			"Distance": 12889.15625,
			"PathIndex": 9
		},
		"13":
		{
			"Distance": 5674.5888671875,
			"PathIndex": 18
		},
		"14":
		{
			"Distance": 1770.8050537109375,
			"PathIndex": 0
		},
		"15":
		{
			"Distance": 10679.89453125,
			"PathIndex": 9
		},
		"16":
		{
			"Distance": 8165.484375,
			"PathIndex": 13
		},
		"17":
		{
			"Distance": 11923.900390625,
			"PathIndex": 15
		},
		"18":
		{
			"Distance": 3045.6416015625,
			"PathIndex": 0
		},
		"19":
		{
			"Distance": 4597.00048828125,
			"PathIndex": 18
		},
		"20":
		{
			"Distance": 13475.16796875,
			"PathIndex": 17
		},
		"21":
		{
			"Distance": 5753.0908203125,
			"PathIndex": 18
		},
		"22":
		{
			"Distance": 7347.22216796875,
			"PathIndex": 21
		}
	},
	"BP_Arrow3":
	{
		"Index": 1,
		"0":
		{
			"Distance": 9353.583984375,
			"PathIndex": 18
		},
		"2":
		{
			"Distance": 13954.216796875,
			"PathIndex": 3
		},
		"3":
		{
			"Distance": 12680.419921875,
			"PathIndex": 8
		},
		"4":
		{
			"Distance": 11471.2783203125,
			"PathIndex": 13
		},
		"5":
		{
			"Distance": 11148.37890625,
			"PathIndex": 13
		},
		"6":
		{
			"Distance": 10812.29296875,
			"PathIndex": 13
		},
		"7":
		{
			"Distance": 10179.3837890625,
			"PathIndex": 13
		},
		"8":
		{
			"Distance": 9346.98046875,
			"PathIndex": 13
		},
		"9":
		{
			"Distance": 11226.3095703125,
			"PathIndex": 13
		},
		"10":
		{
			"Distance": 8937.6953125,
			"PathIndex": 13
		},
		"11":
		{
			"Distance": 7538.51806640625,
			"PathIndex": 18
		},
		"12":
		{
			"Distance": 14770.798828125,
			"PathIndex": 15
		},
		"13":
		{
			"Distance": 7556.23193359375,
			"PathIndex": 21
		},
		"14":
		{
			"Distance": 7681.888671875,
			"PathIndex": 18
		},
		"15":
		{
			"Distance": 12561.537109375,
			"PathIndex": 9
		},
		"16":
		{
			"Distance": 10047.1279296875,
			"PathIndex": 13
		},
		"17":
		{
			"Distance": 13805.54296875,
			"PathIndex": 15
		},
		"18":
		{
			"Distance": 6307.94189453125,
			"PathIndex": 21
		},
		"19":
		{
			"Distance": 4934.4716796875,
			"PathIndex": 21
		},
		"20":
		{
			"Distance": 15356.810546875,
			"PathIndex": 17
		},
		"21":
		{
			"Distance": 3600.49267578125,
			"PathIndex": 22
		},
		"22":
		{
			"Distance": 2006.3614501953125,
			"PathIndex": 1
		}
	},
	"BP_Arrow":
	{
		"Index": 2,
		"0":
		{
			"Distance": 12072.5732421875,
			"PathIndex": 18
		},
		"1":
		{
			"Distance": 13954.216796875,
			"PathIndex": 22
		},
		"3":
		{
			"Distance": 1273.7969970703125,
			"PathIndex": 2
		},
		"4":
		{
			"Distance": 2800.111328125,
			"PathIndex": 2
		},
		"5":
		{
			"Distance": 3566.5810546875,
			"PathIndex": 2
		},
		"6":
		{
			"Distance": 5185.06494140625,
			"PathIndex": 3
		},
		"7":
		{
			"Distance": 5140.2177734375,
			"PathIndex": 3
		},
		"8":
		{
			"Distance": 4607.236328125,
			"PathIndex": 3
		},
		"9":
		{
			"Distance": 6410.216796875,
			"PathIndex": 7
		},
		"10":
		{
			"Distance": 7355.00390625,
			"PathIndex": 8
		},
		"11":
		{
			"Distance": 10257.5078125,
			"PathIndex": 18
		},
		"12":
		{
			"Distance": 9885.1884765625,
			"PathIndex": 15
		},
		"13":
		{
			"Distance": 6397.98486328125,
			"PathIndex": 8
		},
		"14":
		{
			"Distance": 10400.8779296875,
			"PathIndex": 18
		},
		"15":
		{
			"Distance": 7675.92626953125,
			"PathIndex": 7
		},
		"16":
		{
			"Distance": 8335.0048828125,
			"PathIndex": 8
		},
		"17":
		{
			"Distance": 8919.9326171875,
			"PathIndex": 15
		},
		"18":
		{
			"Distance": 9026.931640625,
			"PathIndex": 13
		},
		"19":
		{
			"Distance": 9197.6337890625,
			"PathIndex": 13
		},
		"20":
		{
			"Distance": 10471.2001953125,
			"PathIndex": 17
		},
		"21":
		{
			"Distance": 10353.724609375,
			"PathIndex": 13
		},
		"22":
		{
			"Distance": 11947.85546875,
			"PathIndex": 21
		}
	}
}