{
	"BP_Arrow2":
	{
		"Index": 0,
		"1":
		{
			"Distance": 3756.616455078125,
			"PathIndex": 0
		},
		"2":
		{
			"Distance": 6668.583984375,
			"PathIndex": 5
		},
		"3":
		{
			"Distance": 1588.178955078125,
			"PathIndex": 0
		},
		"4":
		{
			"Distance": 2956.54541015625,
			"PathIndex": 3
		},
		"5":
		{
			"Distance": 4362.615234375,
			"PathIndex": 4
		},
		"6":
		{
			"Distance": 1398.834228515625,
			"PathIndex": 0
		},
		"7":
		{
			"Distance": 3065.48828125,
			"PathIndex": 0
		},
		"8":
		{
			"Distance": 4732.375,
			"PathIndex": 6
		},
		"9":
		{
			"Distance": 5977.37353515625,
			"PathIndex": 8
		}
	},
	"BP_Arrow3":
	{
		"Index": 1,
		"0":
		{
			"Distance": 3756.616455078125,
			"PathIndex": 1
		},
		"2":
		{
			"Distance": 4068.086669921875,
			"PathIndex": 9
		},
		"3":
		{
			"Distance": 4371.94091796875,
			"PathIndex": 4
		},
		"4":
		{
			"Distance": 3003.574462890625,
			"PathIndex": 1
		},
		"5":
		{
			"Distance": 3727.58154296875,
			"PathIndex": 1
		},
		"6":
		{
			"Distance": 2714.26708984375,
			"PathIndex": 1
		},
		"7":
		{
			"Distance": 1519.34423828125,
			"PathIndex": 1
		},
		"8":
		{
			"Distance": 1465.203369140625,
			"PathIndex": 1
		},
		"9":
		{
			"Distance": 2505.48388671875,
			"PathIndex": 1
		}
	},
	"BP_Arrow":
	{
		"Index": 2,
		"0":
		{
			"Distance": 6668.583984375,
			"PathIndex": 3
		},
		"1":
		{
			"Distance": 4068.086669921875,
			"PathIndex": 9
		},
		"3":
		{
			"Distance": 5080.4052734375,
			"PathIndex": 4
		},
		"4":
		{
			"Distance": 3712.03857421875,
			"PathIndex": 5
		},
		"5":
		{
			"Distance": 2305.968994140625,
			"PathIndex": 2
		},
		"6":
		{
			"Distance": 6141.1416015625,
			"PathIndex": 8
		},
		"7":
		{
			"Distance": 4488.072265625,
			"PathIndex": 9
		},
		"8":
		{
			"Distance": 2807.601318359375,
			"PathIndex": 9
		},
		"9":
		{
			"Distance": 1562.602783203125,
			"PathIndex": 2
		}
	}
}