{
	"BP_Arrow":
	{
		"Index": 0,
		"1":
		{
			"Distance": 1437.55126953125,
			"PathIndex": 0
		},
		"2":
		{
			"Distance": 1772.60302734375,
			"PathIndex": 0
		},
		"3":
		{
			"Distance": 3171.5263671875,
			"PathIndex": 2
		}
	}
}