{
	"BP_Arrow2":
	{
		"Index": 0,
		"1":
		{
			"Distance": 1917.839599609375,
			"PathIndex": 0
		},
		"2":
		{
			"Distance": 1588.8238525390625,
			"PathIndex": 0
		},
		"3":
		{
			"Distance": 1520.567138671875,
			"PathIndex": 0
		}
	},
	"BP_Arrow":
	{
		"Index": 1,
		"0":
		{
			"Distance": 1917.839599609375,
			"PathIndex": 1
		},
		"2":
		{
			"Distance": 1078.680908203125,
			"PathIndex": 1
		},
		"3":
		{
			"Distance": 1067.065673828125,
			"PathIndex": 1
		}
	}
}