{
	"BP_Arrow2":
	{
		"Index": 0,
		"1":
		{
			"Distance": 17049.3046875,
			"PathIndex": 26
		},
		"2":
		{
			"Distance": 12665.5078125,
			"PathIndex": 9
		},
		"3":
		{
			"Distance": 3904.026123046875,
			"PathIndex": 29
		},
		"4":
		{
			"Distance": 15194.75,
			"PathIndex": 8
		},
		"5":
		{
			"Distance": 7420.9033203125,
			"PathIndex": 21
		},
		"6":
		{
			"Distance": 12307.5390625,
			"PathIndex": 13
		},
		"7":
		{
			"Distance": 5658.14990234375,
			"PathIndex": 29
		},
		"8":
		{
			"Distance": 11254.75390625,
			"PathIndex": 10
		},
		"9":
		{
			"Distance": 9390.693359375,
			"PathIndex": 17
		},
		"10":
		{
			"Distance": 10015.787109375,
			"PathIndex": 11
		},
		"11":
		{
			"Distance": 6065.4453125,
			"PathIndex": 21
		},
		"12":
		{
			"Distance": 8977.822265625,
			"PathIndex": 11
		},
		"13":
		{
			"Distance": 10805.328125,
			"PathIndex": 14
		},
		"14":
		{
			"Distance": 7160.72216796875,
			"PathIndex": 7
		},
		"15":
		{
			"Distance": 7384.4990234375,
			"PathIndex": 11
		},
		"16":
		{
			"Distance": 9282.302734375,
			"PathIndex": 7
		},
		"17":
		{
			"Distance": 7143.18359375,
			"PathIndex": 23
		},
		"18":
		{
			"Distance": 10924.107421875,
			"PathIndex": 17
		},
		"19":
		{
			"Distance": 6471.59619140625,
			"PathIndex": 21
		},
		"20":
		{
			"Distance": 11449.625,
			"PathIndex": 12
		},
		"21":
		{
			"Distance": 4433.830078125,
			"PathIndex": 25
		},
		"22":
		{
			"Distance": 13057.41015625,
			"PathIndex": 10
		},
		"23":
		{
			"Distance": 4022.8017578125,
			"PathIndex": 29
		},
		"24":
		{
			"Distance": 13862.6982421875,
			"PathIndex": 13
		},
		"25":
		{
			"Distance": 2431.09716796875,
			"PathIndex": 0
		},
		"26":
		{
			"Distance": 14315.666015625,
			"PathIndex": 8
		},
		"27":
		{
			"Distance": 11819.375,
			"PathIndex": 12
		},
		"28":
		{
			"Distance": 5593.4853515625,
			"PathIndex": 25
		},
		"29":
		{
			"Distance": 1671.55322265625,
			"PathIndex": 0
		},
		"30":
		{
			"Distance": 15255.64453125,
			"PathIndex": 6
		},
		"31":
		{
			"Distance": 15069.888671875,
			"PathIndex": 8
		}
	},
	"BP_Arrow3":
	{
		"Index": 1,
		"0":
		{
			"Distance": 17049.3046875,
			"PathIndex": 25
		},
		"2":
		{
			"Distance": 12072.947265625,
			"PathIndex": 9
		},
		"3":
		{
			"Distance": 15839.431640625,
			"PathIndex": 21
		},
		"4":
		{
			"Distance": 3195.947509765625,
			"PathIndex": 1
		},
		"5":
		{
			"Distance": 10943.1103515625,
			"PathIndex": 12
		},
		"6":
		{
			"Distance": 5170.7041015625,
			"PathIndex": 30
		},
		"7":
		{
			"Distance": 11820.0927734375,
			"PathIndex": 14
		},
		"8":
		{
			"Distance": 5794.5498046875,
			"PathIndex": 26
		},
		"9":
		{
			"Distance": 8798.1318359375,
			"PathIndex": 6
		},
		"10":
		{
			"Distance": 7033.51708984375,
			"PathIndex": 8
		},
		"11":
		{
			"Distance": 10983.859375,
			"PathIndex": 10
		},
		"12":
		{
			"Distance": 9363.484375,
			"PathIndex": 27
		},
		"13":
		{
			"Distance": 6672.9150390625,
			"PathIndex": 6
		},
		"14":
		{
			"Distance": 10317.5205078125,
			"PathIndex": 13
		},
		"15":
		{
			"Distance": 9957.4169921875,
			"PathIndex": 10
		},
		"16":
		{
			"Distance": 8247.9189453125,
			"PathIndex": 6
		},
		"17":
		{
			"Distance": 10458.39453125,
			"PathIndex": 18
		},
		"18":
		{
			"Distance": 6677.470703125,
			"PathIndex": 24
		},
		"19":
		{
			"Distance": 12189.205078125,
			"PathIndex": 5
		},
		"20":
		{
			"Distance": 7723.8447265625,
			"PathIndex": 22
		},
		"21":
		{
			"Distance": 12615.474609375,
			"PathIndex": 11
		},
		"22":
		{
			"Distance": 4146.48974609375,
			"PathIndex": 26
		},
		"23":
		{
			"Distance": 13578.7763671875,
			"PathIndex": 17
		},
		"24":
		{
			"Distance": 3632.85400390625,
			"PathIndex": 30
		},
		"25":
		{
			"Distance": 14618.2080078125,
			"PathIndex": 21
		},
		"26":
		{
			"Distance": 2733.638427734375,
			"PathIndex": 1
		},
		"27":
		{
			"Distance": 6521.9306640625,
			"PathIndex": 26
		},
		"28":
		{
			"Distance": 12354.9873046875,
			"PathIndex": 11
		},
		"29":
		{
			"Distance": 15806.689453125,
			"PathIndex": 7
		},
		"30":
		{
			"Distance": 2222.598876953125,
			"PathIndex": 1
		},
		"31":
		{
			"Distance": 3419.38720703125,
			"PathIndex": 1
		}
	},
	"BP_Arrow":
	{
		"Index": 2,
		"0":
		{
			"Distance": 12665.5078125,
			"PathIndex": 29
		},
		"1":
		{
			"Distance": 12072.947265625,
			"PathIndex": 30
		},
		"3":
		{
			"Distance": 11781.9033203125,
			"PathIndex": 23
		},
		"4":
		{
			"Distance": 10759.279296875,
			"PathIndex": 6
		},
		"5":
		{
			"Distance": 9548.787109375,
			"PathIndex": 16
		},
		"6":
		{
			"Distance": 6902.2431640625,
			"PathIndex": 9
		},
		"7":
		{
			"Distance": 7215.88671875,
			"PathIndex": 17
		},
		"8":
		{
			"Distance": 8728.4365234375,
			"PathIndex": 16
		},
		"9":
		{
			"Distance": 3274.81494140625,
			"PathIndex": 2
		},
		"10":
		{
			"Distance": 7563.806640625,
			"PathIndex": 16
		},
		"11":
		{
			"Distance": 8142.88671875,
			"PathIndex": 15
		},
		"12":
		{
			"Distance": 8102.1416015625,
			"PathIndex": 16
		},
		"13":
		{
			"Distance": 6409.20751953125,
			"PathIndex": 9
		},
		"14":
		{
			"Distance": 6438.189453125,
			"PathIndex": 9
		},
		"15":
		{
			"Distance": 6823.83349609375,
			"PathIndex": 9
		},
		"16":
		{
			"Distance": 5690.548828125,
			"PathIndex": 9
		},
		"17":
		{
			"Distance": 5522.32470703125,
			"PathIndex": 9
		},
		"18":
		{
			"Distance": 5628.4736328125,
			"PathIndex": 9
		},
		"19":
		{
			"Distance": 10588.5234375,
			"PathIndex": 11
		},
		"20":
		{
			"Distance": 10573.9443359375,
			"PathIndex": 12
		},
		"21":
		{
			"Distance": 9774.501953125,
			"PathIndex": 11
		},
		"22":
		{
			"Distance": 10570.9287109375,
			"PathIndex": 8
		},
		"23":
		{
			"Distance": 8642.7060546875,
			"PathIndex": 17
		},
		"24":
		{
			"Distance": 8622.267578125,
			"PathIndex": 6
		},
		"25":
		{
			"Distance": 11777.2353515625,
			"PathIndex": 21
		},
		"26":
		{
			"Distance": 11098.3369140625,
			"PathIndex": 24
		},
		"27":
		{
			"Distance": 10013.228515625,
			"PathIndex": 10
		},
		"28":
		{
			"Distance": 9514.0146484375,
			"PathIndex": 11
		},
		"29":
		{
			"Distance": 10993.955078125,
			"PathIndex": 23
		},
		"30":
		{
			"Distance": 9850.3486328125,
			"PathIndex": 6
		},
		"31":
		{
			"Distance": 12493.3896484375,
			"PathIndex": 24
		}
	}
}