{
	"BP_Arrow2":
	{
		"Index": 0,
		"1":
		{
			"Distance": 9667.06640625,
			"PathIndex": 40
		},
		"2":
		{
			"Distance": 11590.0390625,
			"PathIndex": 21
		},
		"3":
		{
			"Distance": 9328.1484375,
			"PathIndex": 5
		},
		"4":
		{
			"Distance": 9437.96484375,
			"PathIndex": 14
		},
		"5":
		{
			"Distance": 7994.89208984375,
			"PathIndex": 20
		},
		"6":
		{
			"Distance": 11347.578125,
			"PathIndex": 13
		},
		"7":
		{
			"Distance": 10797.6044921875,
			"PathIndex": 13
		},
		"8":
		{
			"Distance": 11100.0859375,
			"PathIndex": 22
		},
		"9":
		{
			"Distance": 5892.783203125,
			"PathIndex": 48
		},
		"10":
		{
			"Distance": 5738.2177734375,
			"PathIndex": 48
		},
		"11":
		{
			"Distance": 11651.5390625,
			"PathIndex": 22
		},
		"12":
		{
			"Distance": 9927.259765625,
			"PathIndex": 19
		},
		"13":
		{
			"Distance": 8768.4228515625,
			"PathIndex": 15
		},
		"14":
		{
			"Distance": 6989.89306640625,
			"PathIndex": 20
		},
		"15":
		{
			"Distance": 5156.388671875,
			"PathIndex": 26
		},
		"16":
		{
			"Distance": 3405.28564453125,
			"PathIndex": 0
		},
		"17":
		{
			"Distance": 6835.5068359375,
			"PathIndex": 20
		},
		"18":
		{
			"Distance": 10838.66015625,
			"PathIndex": 13
		},
		"19":
		{
			"Distance": 6458.478515625,
			"PathIndex": 25
		},
		"20":
		{
			"Distance": 4169.4892578125,
			"PathIndex": 26
		},
		"21":
		{
			"Distance": 9673.0966796875,
			"PathIndex": 22
		},
		"22":
		{
			"Distance": 8013.2333984375,
			"PathIndex": 23
		},
		"23":
		{
			"Distance": 4924.5791015625,
			"PathIndex": 26
		},
		"24":
		{
			"Distance": 4356.0634765625,
			"PathIndex": 26
		},
		"25":
		{
			"Distance": 3564.516845703125,
			"PathIndex": 26
		},
		"26":
		{
			"Distance": 1489.446533203125,
			"PathIndex": 0
		},
		"27":
		{
			"Distance": 11079.8828125,
			"PathIndex": 38
		},
		"28":
		{
			"Distance": 9872.8095703125,
			"PathIndex": 37
		},
		"29":
		{
			"Distance": 11899.353515625,
			"PathIndex": 21
		},
		"30":
		{
			"Distance": 7889.654296875,
			"PathIndex": 32
		},
		"31":
		{
			"Distance": 7430.103515625,
			"PathIndex": 23
		},
		"32":
		{
			"Distance": 6274.408203125,
			"PathIndex": 33
		},
		"33":
		{
			"Distance": 4731.1416015625,
			"PathIndex": 26
		},
		"34":
		{
			"Distance": 4980.4775390625,
			"PathIndex": 26
		},
		"35":
		{
			"Distance": 2408.7392578125,
			"PathIndex": 0
		},
		"36":
		{
			"Distance": 6202.02197265625,
			"PathIndex": 34
		},
		"37":
		{
			"Distance": 8459.2421875,
			"PathIndex": 33
		},
		"38":
		{
			"Distance": 8521.833984375,
			"PathIndex": 33
		},
		"39":
		{
			"Distance": 7185.1142578125,
			"PathIndex": 33
		},
		"40":
		{
			"Distance": 6213.2392578125,
			"PathIndex": 35
		},
		"41":
		{
			"Distance": 5110.56640625,
			"PathIndex": 26
		},
		"42":
		{
			"Distance": 10495.259765625,
			"PathIndex": 37
		},
		"43":
		{
			"Distance": 10842.8349609375,
			"PathIndex": 38
		},
		"44":
		{
			"Distance": 8429.34765625,
			"PathIndex": 33
		},
		"45":
		{
			"Distance": 8204.0732421875,
			"PathIndex": 33
		},
		"46":
		{
			"Distance": 7483.9853515625,
			"PathIndex": 34
		},
		"47":
		{
			"Distance": 3713.65185546875,
			"PathIndex": 0
		},
		"48":
		{
			"Distance": 2579.681640625,
			"PathIndex": 0
		}
	},
	"BP_Arrow3":
	{
		"Index": 1,
		"0":
		{
			"Distance": 9667.06640625,
			"PathIndex": 35
		},
		"2":
		{
			"Distance": 8727.0126953125,
			"PathIndex": 21
		},
		"3":
		{
			"Distance": 11612.119140625,
			"PathIndex": 4
		},
		"4":
		{
			"Distance": 10322.76171875,
			"PathIndex": 19
		},
		"5":
		{
			"Distance": 11175.21875,
			"PathIndex": 20
		},
		"6":
		{
			"Distance": 9873.763671875,
			"PathIndex": 13
		},
		"7":
		{
			"Distance": 9323.791015625,
			"PathIndex": 13
		},
		"8":
		{
			"Distance": 8275.0625,
			"PathIndex": 21
		},
		"9":
		{
			"Distance": 11075.1015625,
			"PathIndex": 20
		},
		"10":
		{
			"Distance": 11202.3388671875,
			"PathIndex": 20
		},
		"11":
		{
			"Distance": 9004.77734375,
			"PathIndex": 21
		},
		"12":
		{
			"Distance": 10306.759765625,
			"PathIndex": 19
		},
		"13":
		{
			"Distance": 7294.60888671875,
			"PathIndex": 22
		},
		"14":
		{
			"Distance": 9142.654296875,
			"PathIndex": 22
		},
		"15":
		{
			"Distance": 8442.51953125,
			"PathIndex": 33
		},
		"16":
		{
			"Distance": 10313.990234375,
			"PathIndex": 26
		},
		"17":
		{
			"Distance": 10015.833984375,
			"PathIndex": 20
		},
		"18":
		{
			"Distance": 9064.8662109375,
			"PathIndex": 22
		},
		"19":
		{
			"Distance": 6837.978515625,
			"PathIndex": 32
		},
		"20":
		{
			"Distance": 7349.81591796875,
			"PathIndex": 33
		},
		"21":
		{
			"Distance": 6810.0703125,
			"PathIndex": 39
		},
		"22":
		{
			"Distance": 5918.7275390625,
			"PathIndex": 39
		},
		"23":
		{
			"Distance": 5977.46240234375,
			"PathIndex": 32
		},
		"24":
		{
			"Distance": 9433.0791015625,
			"PathIndex": 47
		},
		"25":
		{
			"Distance": 6334.34326171875,
			"PathIndex": 33
		},
		"26":
		{
			"Distance": 8236.6005859375,
			"PathIndex": 33
		},
		"27":
		{
			"Distance": 8038.36572265625,
			"PathIndex": 38
		},
		"28":
		{
			"Distance": 6325.84765625,
			"PathIndex": 37
		},
		"29":
		{
			"Distance": 9036.3271484375,
			"PathIndex": 21
		},
		"30":
		{
			"Distance": 4583.42333984375,
			"PathIndex": 39
		},
		"31":
		{
			"Distance": 5988.40234375,
			"PathIndex": 39
		},
		"32":
		{
			"Distance": 4389.2626953125,
			"PathIndex": 39
		},
		"33":
		{
			"Distance": 4994.90576171875,
			"PathIndex": 45
		},
		"34":
		{
			"Distance": 6358.779296875,
			"PathIndex": 39
		},
		"35":
		{
			"Distance": 7258.3271484375,
			"PathIndex": 40
		},
		"36":
		{
			"Distance": 6832.4228515625,
			"PathIndex": 40
		},
		"37":
		{
			"Distance": 4912.2802734375,
			"PathIndex": 39
		},
		"38":
		{
			"Distance": 5480.3173828125,
			"PathIndex": 45
		},
		"39":
		{
			"Distance": 3143.043701171875,
			"PathIndex": 1
		},
		"40":
		{
			"Distance": 3453.8271484375,
			"PathIndex": 1
		},
		"41":
		{
			"Distance": 4684.951171875,
			"PathIndex": 40
		},
		"42":
		{
			"Distance": 6948.29736328125,
			"PathIndex": 37
		},
		"43":
		{
			"Distance": 7801.318359375,
			"PathIndex": 38
		},
		"44":
		{
			"Distance": 1661.518798828125,
			"PathIndex": 1
		},
		"45":
		{
			"Distance": 1521.9742431640625,
			"PathIndex": 1
		},
		"46":
		{
			"Distance": 8227.619140625,
			"PathIndex": 36
		},
		"47":
		{
			"Distance": 6066.4208984375,
			"PathIndex": 40
		},
		"48":
		{
			"Distance": 9511.0478515625,
			"PathIndex": 26
		}
	},
	"BP_Arrow4":
	{
		"Index": 2,
		"0":
		{
			"Distance": 11590.0390625,
			"PathIndex": 26
		},
		"1":
		{
			"Distance": 8727.0126953125,
			"PathIndex": 39
		},
		"3":
		{
			"Distance": 8458.166015625,
			"PathIndex": 12
		},
		"4":
		{
			"Distance": 7198.80859375,
			"PathIndex": 12
		},
		"5":
		{
			"Distance": 8262.65234375,
			"PathIndex": 12
		},
		"6":
		{
			"Distance": 7501.84228515625,
			"PathIndex": 13
		},
		"7":
		{
			"Distance": 5977.2685546875,
			"PathIndex": 11
		},
		"8":
		{
			"Distance": 2769.33154296875,
			"PathIndex": 2
		},
		"9":
		{
			"Distance": 10012.0009765625,
			"PathIndex": 14
		},
		"10":
		{
			"Distance": 10517.12109375,
			"PathIndex": 17
		},
		"11":
		{
			"Distance": 2962.85009765625,
			"PathIndex": 2
		},
		"12":
		{
			"Distance": 4795.1015625,
			"PathIndex": 11
		},
		"13":
		{
			"Distance": 4922.68701171875,
			"PathIndex": 21
		},
		"14":
		{
			"Distance": 6800.73193359375,
			"PathIndex": 22
		},
		"15":
		{
			"Distance": 7522.6494140625,
			"PathIndex": 22
		},
		"16":
		{
			"Distance": 12177.982421875,
			"PathIndex": 26
		},
		"17":
		{
			"Distance": 9313.0908203125,
			"PathIndex": 15
		},
		"18":
		{
			"Distance": 6722.9443359375,
			"PathIndex": 22
		},
		"19":
		{
			"Distance": 5516.982421875,
			"PathIndex": 21
		},
		"20":
		{
			"Distance": 8310.330078125,
			"PathIndex": 19
		},
		"21":
		{
			"Distance": 1916.9423828125,
			"PathIndex": 2
		},