{
	"BP_Arrow2":
	{
		"Index": 0,
		"1":
		{
			"Distance": 3106.583984375,
			"PathIndex": 3
		},
		"2":
		{
			"Distance": 1700.099365234375,
			"PathIndex": 0
		},
		"3":
		{
			"Distance": 1509.154541015625,
			"PathIndex": 0
		}
	},
	"BP_Arrow":
	{
		"Index": 1,
		"0":
		{
			"Distance": 3106.583984375,
			"PathIndex": 3
		},
		"2":
		{
			"Distance": 1667.4273681640625,
			"PathIndex": 1
		},
		"3":
		{
			"Distance": 1597.4295654296875,
			"PathIndex": 1
		}
	}
}