{
	"BP_Arrow3":
	{
		"Index": 0,
		"1":
		{
			"Distance": 13246.052734375,
			"PathIndex": 17
		},
		"2":
		{
			"Distance": 9301.6220703125,
			"PathIndex": 13
		},
		"3":
		{
			"Distance": 9178.853515625,
			"PathIndex": 6
		},
		"4":
		{
			"Distance": 8076.7568359375,
			"PathIndex": 20
		},
		"5":
		{
			"Distance": 8449.7421875,
			"PathIndex": 14
		},
		"6":
		{
			"Distance": 7134.4423828125,
			"PathIndex": 16
		},
		"7":
		{
			"Distance": 12300.609375,
			"PathIndex": 10
		},
		"8":
		{
			"Distance": 13263.6943359375,
			"PathIndex": 9
		},
		"9":
		{
			"Distance": 11236.51953125,
			"PathIndex": 4
		},
		"10":
		{
			"Distance": 9987.7041015625,
			"PathIndex": 13
		},
		"11":
		{
			"Distance": 7793.3310546875,
			"PathIndex": 16
		},
		"12":
		{
			"Distance": 7113.4951171875,
			"PathIndex": 16
		},
		"13":
		{
			"Distance": 6979.619140625,
			"PathIndex": 19
		},
		"14":
		{
			"Distance": 6012.115234375,
			"PathIndex": 19
		},
		"15":
		{
			"Distance": 7790.4501953125,
			"PathIndex": 16
		},
		"16":
		{
			"Distance": 3831.52734375,
			"PathIndex": 0
		},
		"17":
		{
			"Distance": 10744.65625,
			"PathIndex": 13
		},
		"18":
		{
			"Distance": 6530.248046875,
			"PathIndex": 19
		},
		"19":
		{
			"Distance": 3443.901611328125,
			"PathIndex": 0
		},
		"20":
		{
			"Distance": 5637.40771484375,
			"PathIndex": 21
		},
		"21":
		{
			"Distance": 2735.02978515625,
			"PathIndex": 0
		}
	},
	"BP_Arrow4":
	{
		"Index": 1,
		"0":
		{
			"Distance": 13246.0517578125,
			"PathIndex": 19
		},
		"2":
		{
			"Distance": 5537.404296875,
			"PathIndex": 17
		},
		"3":
		{
			"Distance": 13176.7607421875,
			"PathIndex": 6
		},
		"4":
		{
			"Distance": 16959.763671875,
			"PathIndex": 20
		},
		"5":
		{
			"Distance": 11022.154296875,
			"PathIndex": 14
		},
		"6":
		{
			"Distance": 11132.349609375,
			"PathIndex": 14
		},
		"7":
		{
			"Distance": 10804.3994140625,
			"PathIndex": 10
		},
		"8":
		{
			"Distance": 22146.703125,
			"PathIndex": 9
		},
		"9":
		{
			"Distance": 20119.52734375,
			"PathIndex": 4
		},
		"10":
		{
			"Distance": 8491.494140625,
			"PathIndex": 2
		},
		"11":
		{
			"Distance": 10632.1015625,
			"PathIndex": 14
		},
		"12":
		{
			"Distance": 12006.1904296875,
			"PathIndex": 14
		},
		"13":
		{
			"Distance": 6266.43310546875,
			"PathIndex": 17
		},
		"14":
		{
			"Distance": 8584.5283203125,
			"PathIndex": 13
		},
		"15":
		{
			"Distance": 14780.6572265625,
			"PathIndex": 16
		},
		"16":
		{
			"Distance": 10821.734375,
			"PathIndex": 14
		},
		"17":
		{
			"Distance": 2501.396484375,
			"PathIndex": 1
		},
		"18":
		{
			"Distance": 12888.4970703125,
			"PathIndex": 19
		},
		"19":
		{
			"Distance": 9802.150390625,
			"PathIndex": 13
		},
		"20":
		{
			"Distance": 14520.4150390625,
			"PathIndex": 16
		},
		"21":
		{
			"Distance": 13862.826171875,
			"PathIndex": 16
		}
	},
	"BP_Arrow5":
	{
		"Index": 2,
		"0":
		{
			"Distance": 9301.6220703125,
			"PathIndex": 19
		},
		"1":
		{
			"Distance": 5537.404296875,
			"PathIndex": 17
		},
		"3":
		{
			"Distance": 9232.330078125,
			"PathIndex": 6
		},
		"4":
		{
			"Distance": 13015.3359375,
			"PathIndex": 20
		},
		"5":
		{
			"Distance": 7077.72509765625,
			"PathIndex": 14
		},
		"6":
		{
			"Distance": 7187.91943359375,
			"PathIndex": 14
		},
		"7":
		{
			"Distance": 5266.99560546875,
			"PathIndex": 10
		},
		"8":
		{
			"Distance": 18202.275390625,
			"PathIndex": 9
		},
		"9":
		{
			"Distance": 16175.099609375,
			"PathIndex": 4
		},
		"10":
		{
			"Distance": 2954.090087890625,
			"PathIndex": 2
		},
		"11":
		{
			"Distance": 6687.671875,
			"PathIndex": 14
		},
		"12":
		{
			"Distance": 8061.7607421875,
			"PathIndex": 14
		},
		"13":
		{
			"Distance": 2322.0029296875,
			"PathIndex": 2
		},
		"14":
		{
			"Distance": 4640.0986328125,
			"PathIndex": 13
		},
		"15":
		{
			"Distance": 10836.2275390625,
			"PathIndex": 16
		},
		"16":
		{
			"Distance": 6877.30517578125,
			"PathIndex": 14
		},
		"17":
		{
			"Distance": 3036.0078125,
			"PathIndex": 2
		},
		"18":
		{
			"Distance": 8944.0673828125,
			"PathIndex": 19
		},
		"19":
		{
			"Distance": 5857.720703125,
			"PathIndex": 13
		},
		"20":
		{
			"Distance": 10575.986328125,
			"PathIndex": 16
		},
		"21":
		{
			"Distance": 9918.3974609375,
			"PathIndex": 16
		}
	},
	"BP_Arrow7":
	{
		"Index": 3,
		"0":
		{
			"Distance": 9178.853515625,
			"PathIndex": 16
		},
		"1":
		{
			"Distance": 13176.759765625,
			"PathIndex": 17
		},
		"2":
		{
			"Distance": 9232.330078125,
			"PathIndex": 13
		},
		"4":
		{
			"Distance": 11485.35546875,
			"PathIndex": 20
		},
		"5":
		{
			"Distance": 2429.61669921875,
			"PathIndex": 3
		},
		"6":
		{
			"Distance": 2044.410888671875,
			"PathIndex": 3
		},
		"7":
		{
			"Distance": 12231.3173828125,
			"PathIndex": 10
		},
		"8":
		{
			"Distance": 16672.294921875,
			"PathIndex": 9
		},
		"9":
		{
			"Distance": 14645.119140625,
			"PathIndex": 4
		},
		"10":
		{
			"Distance": 9918.412109375,
			"PathIndex": 13
		},
		"11":
		{
			"Distance": 5413.0791015625,
			"PathIndex": 6
		},
		"12":
		{
			"Distance": 5242.46923828125,
			"PathIndex": 6
		},
		"13":
		{
			"Distance": 6910.3271484375,
			"PathIndex": 14
		},
		"14":
		{
			"Distance": 4592.2314453125,
			"PathIndex": 6
		},
		"15":
		{
			"Distance": 9306.2490234375,
			"PathIndex": 16
		},
		"16":
		{
			"Distance": 5347.326171875,
			"PathIndex": 6
		},
		"17":
		{
			"Distance": 10675.36328125,
			"PathIndex": 13
		},
		"18":
		{
			"Distance": 10246.791015625,
			"PathIndex": 19
		},
		"19":
		{
			"Distance": 7160.44482421875,
			"PathIndex": 14
		},
		"20":
		{
			"Distance": 9046.0068359375,
			"PathIndex": 16
		},
		"21":
		{
			"Distance": 8388.41796875,
			"PathIndex": 16
		}
	},
	"BP_Arrow":
	{
		"Index": 4,
		"0":
		{
			"Distance": 8076.7568359375,
			"PathIndex": 21
		},
		"1":
		{
			"Distance": 16959.765625,
			"PathIndex": 17
		},
		"2":
		{
			"Distance": 13015.3349609375,
			"PathIndex": 13
		},
		"3":
		{
			"Distance": 11485.3564453125,
			"PathIndex": 6
		},
		"5":
		{
			"Distance": 10812.86328125,
			"PathIndex": 14
		},
		"6":
		{
			"Distance": 9440.9453125,
			"PathIndex": 16
		},
		"7":
		{
			"Distance": 16014.322265625,
			"PathIndex": 10
		},
		"8":
		{
			"Distance": 5186.9384765625,
			"PathIndex": 9
		},
		"9":
		{
			"Distance": 3159.76318359375,
			"PathIndex": 4
		},
		"10":
		{
			"Distance": 13701.4169921875,
			"PathIndex": 13
		},
		"11":
		{
			"Distance": 10099.833984375,
			"PathIndex": 16
		},
		"12":
		{
			"Distance": 9419.9970703125,
			"PathIndex": 16
		},
		"13":
		{
			"Distance": 10693.33203125,
			"PathIndex": 14
		},
		"14":
		{
			"Distance": 8375.236328125,
			"PathIndex": 16
		},
		"15":
		{
			"Distance": 10096.9521484375,
			"PathIndex": 16
		},
		"16":
		{
			"Distance": 6138.02978515625,
			"PathIndex": 20
		},
		"17":
		{
			"Distance": 14458.369140625,
			"PathIndex": 13
		},
		"18":
		{
			"Distance": 12133.69921875,
			"PathIndex": 19
		},
		"19":
		{
			"Distance": 9047.3525390625,
			"PathIndex": 16
		},
		"20":
		{
			"Distance": 2439.34912109375,
			"PathIndex": 4
		},
		"21":
		{
			"Distance": 5341.72705078125,
			"PathIndex": 20
		}
	}
}