{
	"SpawnRadius": 100,
	"Verts": [
		{
			"Pos": [ 483, 2003, -6 ],
			"IsDoor": true,
			"SpawnIndex": [],
			"SpawnRelativeHeight": [],
			"VisibilityData": [
				{
					"Index": 1,
					"Visibility": true
				}
			],
			"AdjacentData": [
				{
					"Index": 1,
					"Length": 1810.660888671875
				}
			]
		},
		{
			"Pos": [ 400, 50, -6 ],
			"IsDoor": false,
			"SpawnIndex": [ 0, 1, 2, 3, 4 ],
			"SpawnRelativeHeight": [ 2.9702987670898438, 2.9702987670898438, 2.9702987670898438, 2.9702987670898438, 2.9702987670898438 ],
			"VisibilityData": [
				{
					"Index": 0,
					"Visibility": true
				}
			],
			"AdjacentData": [
				{
					"Index": 0,
					"Length": 1810.660888671875
				}
			]
		}
	]
}