{
	"BP_Arrow2":
	{
		"Index": 0,
		"1":
		{
			"Distance": 6178.42431640625,
			"PathIndex": 15
		},
		"2":
		{
			"Distance": 5191.103515625,
			"PathIndex": 15
		},
		"3":
		{
			"Distance": 5040.943359375,
			"PathIndex": 15
		},
		"4":
		{
			"Distance": 5096.53076171875,
			"PathIndex": 10
		},
		"5":
		{
			"Distance": 4944.3232421875,
			"PathIndex": 10
		},
		"6":
		{
			"Distance": 6095.703125,
			"PathIndex": 16
		},
		"7":
		{
			"Distance": 5460.87744140625,
			"PathIndex": 15
		},
		"8":
		{
			"Distance": 5104.7138671875,
			"PathIndex": 15
		},
		"9":
		{
			"Distance": 5397.3701171875,
			"PathIndex": 15
		},
		"10":
		{
			"Distance": 1429.5391845703125,
			"PathIndex": 0
		},
		"11":
		{
			"Distance": 1296.336669921875,
			"PathIndex": 0
		},
		"12":
		{
			"Distance": 3909.370361328125,
			"PathIndex": 0
		},
		"13":
		{
			"Distance": 4625.32763671875,
			"PathIndex": 16
		},
		"14":
		{
			"Distance": 3364.587646484375,
			"PathIndex": 0
		},
		"15":
		{
			"Distance": 2985.92529296875,
			"PathIndex": 0
		},
		"16":
		{
			"Distance": 2282.003173828125,
			"PathIndex": 0
		}
	},
	"BP_Arrow":
	{
		"Index": 1,
		"0":
		{
			"Distance": 6178.42431640625,
			"PathIndex": 15
		},
		"2":
		{
			"Distance": 4270.087890625,
			"PathIndex": 8
		},
		"3":
		{
			"Distance": 4355.67333984375,
			"PathIndex": 8
		},
		"4":
		{
			"Distance": 5805.59765625,
			"PathIndex": 15
		},
		"5":
		{
			"Distance": 5816.8134765625,
			"PathIndex": 15
		},
		"6":
		{
			"Distance": 1596.400146484375,
			"PathIndex": 1
		},
		"7":
		{
			"Distance": 4601.43505859375,
			"PathIndex": 8
		},
		"8":
		{
			"Distance": 1209.9700927734375,
			"PathIndex": 1
		},
		"9":
		{
			"Distance": 4355.57763671875,
			"PathIndex": 8
		},
		"10":
		{
			"Distance": 5738.673828125,
			"PathIndex": 15
		},
		"11":
		{
			"Distance": 6159.8515625,
			"PathIndex": 13
		},
		"12":
		{
			"Distance": 4730.42724609375,
			"PathIndex": 15
		},
		"13":
		{
			"Distance": 2202.029296875,
			"PathIndex": 1
		},
		"14":
		{
			"Distance": 3467.357666015625,
			"PathIndex": 13
		},
		"15":
		{
			"Distance": 3192.4990234375,
			"PathIndex": 1
		},
		"16":
		{
			"Distance": 4545.353515625,
			"PathIndex": 13
		}
	}
}