{
	"SpawnRadius": 100,
	"Verts": [
		{
			"Pos": [ 472.05816650390625, 1523.94189453125, -9.8941898345947266 ],
			"IsDoor": true,
			"SpawnIndex": [],
			"SpawnRelativeHeight": [],
			"VisibilityData": [
				{
					"Index": 1,
					"Visibility": true
				}
			],
			"AdjacentData": [
				{
					"Index": 1,
					"Length": 1306.6351318359375
				}
			]
		},
		{
			"Pos": [ 450, 50, -65 ],
			"IsDoor": false,
			"SpawnIndex": [ 2, 3, 5, 6, 10 ],
			"SpawnRelativeHeight": [ 57.57513427734375, 57.57513427734375, -21.793243408203125, -21.3221435546875, 57.57513427734375 ],
			"VisibilityData": [
				{
					"Index": 0,
					"Visibility": true
				}
			],
			"AdjacentData": [
				{
					"Index": 0,
					"Length": 1306.6351318359375
				}
			]
		}
	]
}