{
	"BP_Arrow2":
	{
		"Index": 0,
		"1":
		{
			"Distance": 4714.859375,
			"PathIndex": 8
		},
		"2":
		{
			"Distance": 4900.5634765625,
			"PathIndex": 8
		},
		"3":
		{
			"Distance": 6190.4638671875,
			"PathIndex": 7
		},
		"4":
		{
			"Distance": 5151.02587890625,
			"PathIndex": 8
		},
		"5":
		{
			"Distance": 5020.1708984375,
			"PathIndex": 8
		},
		"6":
		{
			"Distance": 4146.24951171875,
			"PathIndex": 8
		},
		"7":
		{
			"Distance": 2533.516845703125,
			"PathIndex": 8
		},
		"8":
		{
			"Distance": 1201.1201171875,
			"PathIndex": 0
		},
		"9":
		{
			"Distance": 3904.06201171875,
			"PathIndex": 8
		}
	},
	"BP_Arrow3":
	{
		"Index": 1,
		"0":
		{
			"Distance": 4714.859375,
			"PathIndex": 8
		},
		"2":
		{
			"Distance": 5445.0654296875,
			"PathIndex": 9
		},
		"3":
		{
			"Distance": 6848.4755859375,
			"PathIndex": 7
		},
		"4":
		{
			"Distance": 5986.9267578125,
			"PathIndex": 7
		},
		"5":
		{
			"Distance": 5847.166015625,
			"PathIndex": 7
		},
		"6":
		{
			"Distance": 4982.150390625,
			"PathIndex": 7
		},
		"7":
		{
			"Distance": 3191.52880859375,
			"PathIndex": 1
		},
		"8":
		{
			"Distance": 3513.739013671875,
			"PathIndex": 1
		},
		"9":
		{
			"Distance": 3954.09765625,
			"PathIndex": 1
		}
	},
	"BP_Arrow":
	{
		"Index": 2,
		"0":
		{
			"Distance": 4900.5634765625,
			"PathIndex": 8
		},
		"1":
		{
			"Distance": 5445.0654296875,
			"PathIndex": 9
		},
		"3":
		{
			"Distance": 6697.56640625,
			"PathIndex": 7
		},
		"4":
		{
			"Distance": 5836.017578125,
			"PathIndex": 7
		},
		"5":
		{
			"Distance": 5419.80078125,
			"PathIndex": 9
		},
		"6":
		{
			"Distance": 4831.2412109375,
			"PathIndex": 7
		},
		"7":
		{
			"Distance": 3040.619873046875,
			"PathIndex": 2
		},
		"8":
		{
			"Distance": 3699.443359375,
			"PathIndex": 2
		},
		"9":
		{
			"Distance": 1490.968017578125,
			"PathIndex": 2
		}
	}
}