{
	"SpawnRadius": 100,
	"Verts": [
		{
			"Pos": [ 472.05816650390625, 1523.94189453125, -25 ],
			"IsDoor": true,
			"SpawnIndex": [],
			"SpawnRelativeHeight": [],
			"VisibilityData": [
				{
					"Index": 1,
					"Visibility": true
				}
			],
			"AdjacentData": [
				{
					"Index": 1,
					"Length": 1524.6954345703125
				}
			]
		},
		{
			"Pos": [ 800, -200, -25 ],
			"IsDoor": false,
			"SpawnIndex": [ 3, 4, 11, 12, 13 ],
			"SpawnRelativeHeight": [ 9, 9, 8.999969482421875, 8.999969482421875, 9 ],
			"VisibilityData": [
				{
					"Index": 0,
					"Visibility": true
				}
			],
			"AdjacentData": [
				{
					"Index": 0,
					"Length": 1524.6954345703125
				}
			]
		}
	]
}