{
	"BP_Arrow2":
	{
		"Index": 0,
		"1":
		{
			"Distance": 8471.3935546875,
			"PathIndex": 24
		},
		"2":
		{
			"Distance": 11493.8212890625,
			"PathIndex": 3
		},
		"3":
		{
			"Distance": 10103.52734375,
			"PathIndex": 6
		},
		"4":
		{
			"Distance": 11596.1943359375,
			"PathIndex": 9
		},
		"5":
		{
			"Distance": 2698.13427734375,
			"PathIndex": 43
		},
		"6":
		{
			"Distance": 8856.9921875,
			"PathIndex": 26
		},
		"7":
		{
			"Distance": 2989.75390625,
			"PathIndex": 0
		},
		"8":
		{
			"Distance": 5150.9296875,
			"PathIndex": 32
		},
		"9":
		{
			"Distance": 7910.787109375,
			"PathIndex": 15
		},
		"10":
		{
			"Distance": 10816.4306640625,
			"PathIndex": 17
		},
		"11":
		{
			"Distance": 11203.8388671875,
			"PathIndex": 17
		},
		"12":
		{
			"Distance": 3952.89306640625,
			"PathIndex": 32
		},
		"13":
		{
			"Distance": 5631.59765625,
			"PathIndex": 33
		},
		"14":
		{
			"Distance": 5163.38427734375,
			"PathIndex": 33
		},
		"15":
		{
			"Distance": 6328.4521484375,
			"PathIndex": 12
		},
		"16":
		{
			"Distance": 8527.48828125,
			"PathIndex": 26
		},
		"17":
		{
			"Distance": 7303.42626953125,
			"PathIndex": 26
		},
		"18":
		{
			"Distance": 12747.458984375,
			"PathIndex": 27
		},
		"19":
		{
			"Distance": 4491.8779296875,
			"PathIndex": 7
		},
		"20":
		{
			"Distance": 6106.91259765625,
			"PathIndex": 28
		},
		"21":
		{
			"Distance": 8702.98046875,
			"PathIndex": 15
		},
		"22":
		{
			"Distance": 7934.138671875,
			"PathIndex": 24
		},
		"23":
		{
			"Distance": 14063.677734375,
			"PathIndex": 27
		},
		"24":
		{
			"Distance": 5904.99658203125,
			"PathIndex": 7
		},
		"25":
		{
			"Distance": 5448.912109375,
			"PathIndex": 7
		},
		"26":
		{
			"Distance": 5975.54052734375,
			"PathIndex": 7
		},
		"27":
		{
			"Distance": 10339.7041015625,
			"PathIndex": 22
		},
		"28":
		{
			"Distance": 4314.51513671875,
			"PathIndex": 38
		},
		"29":
		{
			"Distance": 3957.38525390625,
			"PathIndex": 45
		},
		"30":
		{
			"Distance": 5115.46923828125,
			"PathIndex": 45
		},
		"31":
		{
			"Distance": 9259.6982421875,
			"PathIndex": 9
		},
		"32":
		{
			"Distance": 2682.306884765625,
			"PathIndex": 0
		},
		"33":
		{
			"Distance": 3595.5439453125,
			"PathIndex": 0
		},
		"34":
		{
			"Distance": 10392.6162109375,
			"PathIndex": 6
		},
		"35":
		{
			"Distance": 5320.318359375,
			"PathIndex": 32
		},
		"36":
		{
			"Distance": 1882.4432373046875,
			"PathIndex": 0
		},
		"37":
		{
			"Distance": 2990.044921875,
			"PathIndex": 45
		},
		"38":
		{
			"Distance": 2773.39697265625,
			"PathIndex": 0
		},
		"39":
		{
			"Distance": 10601.177734375,
			"PathIndex": 9
		},
		"40":
		{
			"Distance": 12284.455078125,
			"PathIndex": 10
		},
		"41":
		{
			"Distance": 12915.2314453125,
			"PathIndex": 46
		},
		"42":
		{
			"Distance": 3603.093017578125,
			"PathIndex": 0
		},
		"43":
		{
			"Distance": 1419.2386474609375,
			"PathIndex": 0
		},
		"44":
		{
			"Distance": 11668.79296875,
			"PathIndex": 3
		},
		"45":
		{
			"Distance": 1383.19580078125,
			"PathIndex": 0
		},
		"46":
		{
			"Distance": 11655.6083984375,
			"PathIndex": 3
		},
		"47":
		{
			"Distance": 12917.697265625,
			"PathIndex": 3
		},
		"48":
		{
			"Distance": 2547.751953125,
			"PathIndex": 0
		},
		"49":
		{
			"Distance": 11859.15625,
			"PathIndex": 9
		}
	},
	"BP_Arrow3":
	{
		"Index": 1,
		"0":
		{
			"Distance": 8471.3935546875,
			"PathIndex": 7
		},
		"2":
		{
			"Distance": 8762.419921875,
			"PathIndex": 44
		},
		"3":
		{
			"Distance": 7625.2001953125,
			"PathIndex": 6
		},
		"4":
		{
			"Distance": 10077.365234375,
			"PathIndex": 6
		},
		"5":
		{
			"Distance": 8998.658203125,
			"PathIndex": 7
		},
		"6":
		{
			"Distance": 6378.6650390625,
			"PathIndex": 26
		},
		"7":
		{
			"Distance": 5481.6396484375,
			"PathIndex": 24
		},
		"8":
		{
			"Distance": 6929.83984375,
			"PathIndex": 26
		},
		"9":
		{
			"Distance": 7254.1142578125,
			"PathIndex": 26
		},
		"10":
		{
			"Distance": 8018.8076171875,
			"PathIndex": 27
		},
		"11":
		{
			"Distance": 8406.216796875,
			"PathIndex": 27
		},
		"12":
		{
			"Distance": 6923.830078125,
			"PathIndex": 35
		},
		"13":
		{
			"Distance": 8249.884765625,
			"PathIndex": 35
		},
		"14":
		{
			"Distance": 7143.3740234375,
			"PathIndex": 35
		},
		"15":
		{
			"Distance": 6150.818359375,
			"PathIndex": 26
		},
		"16":
		{
			"Distance": 6049.1611328125,
			"PathIndex": 26
		},
		"17":
		{
			"Distance": 4825.09912109375,
			"PathIndex": 26
		},
		"18":
		{
			"Distance": 6945.392578125,
			"PathIndex": 27
		},
		"19":
		{
			"Distance": 4796.65673828125,
			"PathIndex": 24
		},
		"20":
		{
			"Distance": 7448.12548828125,
			"PathIndex": 35
		},
		"21":
		{
			"Distance": 7452.7216796875,
			"PathIndex": 26
		},
		"22":
		{
			"Distance": 2132.07275390625,
			"PathIndex": 1
		},
		"23":
		{
			"Distance": 8261.611328125,
			"PathIndex": 27
		},
		"24":
		{
			"Distance": 2566.39697265625,
			"PathIndex": 1
		},
		"25":
		{
			"Distance": 5199.859375,
			"PathIndex": 26
		},
		"26":
		{
			"Distance": 3497.213134765625,
			"PathIndex": 1
		},
		"27":
		{
			"Distance": 4537.6376953125,
			"PathIndex": 22
		},
		"28":
		{
			"Distance": 7175.951171875,
			"PathIndex": 35
		},
		"29":
		{
			"Distance": 5035.84375,
			"PathIndex": 24
		},
		"30":
		{
			"Distance": 3889.00146484375,
			"PathIndex": 1
		},
		"31":
		{
			"Distance": 8603.025390625,
			"PathIndex": 9
		},
		"32":
		{
			"Distance": 7936.4189453125,
			"PathIndex": 35
		},
		"33":
		{
			"Distance": 8036.70263671875,
			"PathIndex": 35
		},
		"34":
		{
			"Distance": 6596.810546875,
			"PathIndex": 27
		},
		"35":
		{
			"Distance": 5298.40771484375,
			"PathIndex": 24
		},
		"36":
		{
			"Distance": 7428.0751953125,
			"PathIndex": 7
		},
		"37":
		{
			"Distance": 6321.9453125,
			"PathIndex": 24
		},
		"38":
		{
			"Distance": 8717.0693359375,
			"PathIndex": 28
		},
		"39":
		{
			"Distance": 9013.4599609375,
			"PathIndex": 6
		},
		"40":
		{
			"Distance": 9486.83203125,
			"PathIndex": 10
		},
		"41":
		{
			"Distance": 8396.2607421875,
			"PathIndex": 18
		},
		"42":
		{
			"Distance": 6901.3203125,
			"PathIndex": 7
		},
		"43":
		{
			"Distance": 9296.5390625,
			"PathIndex": 7
		},
		"44":
		{
			"Distance": 7381.3291015625,
			"PathIndex": 27
		},
		"45":
		{
			"Distance": 7610.033203125,
			"PathIndex": 29
		},
		"46":
		{
			"Distance": 9177.28125,
			"PathIndex": 3
		},
		"47":
		{
			"Distance": 7603.197265625,
			"PathIndex": 27
		},
		"48":
		{
			"Distance": 7631.228515625,
			"PathIndex": 37
		},
		"49":
		{
			"Distance": 10013.7060546875,
			"PathIndex": 3
		}
	},
	"BP_Arrow":
	{
		"Index": 2,
		"0":
		{
			"Distance": 11493.8212890625,
			"PathIndex": 7
		},
		"1":
		{
			"Distance": 8762.419921875,
			"PathIndex": 22
		},
		"3":
		{
			"Distance": 1390.2938232421875,
			"PathIndex": 2
		},
		"4":
		{
			"Distance": 3406.357421875,
			"PathIndex": 2
		},
		"5":
		{
			"Distance": 11895.70703125,
			"PathIndex": 32
		},
		"6":
		{
			"Distance": 2636.8291015625,
			"PathIndex": 3
		},
		"7":
		{
			"Distance": 8504.0673828125,
			"PathIndex": 26
		},
		"8":
		{
			"Distance": 8093.931640625,
			"PathIndex": 15
		},
		"9":
		{
			"Distance": 5271.08740234375,
			"PathIndex": 31
		},
		"10":
		{
			"Distance": 4936.1552734375,
			"PathIndex": 40
		},
		"11":
		{
			"Distance": 5869.62158203125,
			"PathIndex": 40
		},
		"12":
		{
			"Distance": 9228.9814453125,
			"PathIndex": 15
		},
		"13":
		{
			"Distance": 12367.431640625,
			"PathIndex": 14
		},
		"14":
		{
			"Distance": 10668.5439453125,
			"PathIndex": 19
		},
		"15":
		{
			"Distance": 6853.42236328125,
			"PathIndex": 9
		},
		"16":
		{
			"Distance": 4101.80517578125,
			"PathIndex": 6
		},
		"17":
		{
			"Distance": 4305.27685546875,
			"PathIndex": 6
		},
		"18":
		{
			"Distance": 5601.2099609375,
			"PathIndex": 41
		},
		"19":
		{
			"Distance": 7306.02490234375,
			"PathIndex": 26
		},