{
	"BP_Arrow2":
	{
		"Index": 0,
		"1":
		{
			"Distance": 8934.90234375,
			"PathIndex": 3
		},
		"2":
		{
			"Distance": 20019.095703125,
			"PathIndex": 12
		},
		"3":
		{
			"Distance": 6873.79736328125,
			"PathIndex": 18
		},
		"4":
		{
			"Distance": 10645.654296875,
			"PathIndex": 8
		},
		"5":
		{
			"Distance": 1999.0322265625,
			"PathIndex": 0
		},
		"6":
		{
			"Distance": 14267.3056640625,
			"PathIndex": 10
		},
		"7":
		{
			"Distance": 5651.052734375,
			"PathIndex": 5
		},
		"8":
		{
			"Distance": 7859.1376953125,
			"PathIndex": 13
		},
		"9":
		{
			"Distance": 4161.2109375,
			"PathIndex": 5
		},
		"10":
		{
			"Distance": 12742.5,
			"PathIndex": 4
		},
		"11":
		{
			"Distance": 1813.190673828125,
			"PathIndex": 0
		},
		"12":
		{
			"Distance": 17155.03515625,
			"PathIndex": 6
		},
		"13":
		{
			"Distance": 5257.78515625,
			"PathIndex": 11
		},
		"14":
		{
			"Distance": 3852.205078125,
			"PathIndex": 0
		},
		"15":
		{
			"Distance": 4842.421875,
			"PathIndex": 16
		},
		"16":
		{
			"Distance": 3635.315185546875,
			"PathIndex": 0
		},
		"17":
		{
			"Distance": 3743.04638671875,
			"PathIndex": 0
		},
		"18":
		{
			"Distance": 4718.4375,
			"PathIndex": 5
		},
		"19":
		{
			"Distance": 18726.529296875,
			"PathIndex": 12
		}
	},
	"BP_Arrow3":
	{
		"Index": 1,
		"0":
		{
			"Distance": 8934.90234375,
			"PathIndex": 5
		},
		"2":
		{
			"Distance": 27889.685546875,
			"PathIndex": 12
		},
		"3":
		{
			"Distance": 2061.1044921875,
			"PathIndex": 1
		},
		"4":
		{
			"Distance": 18516.2421875,
			"PathIndex": 8
		},
		"5":
		{
			"Distance": 6935.8701171875,
			"PathIndex": 18
		},
		"6":
		{
			"Distance": 22137.89453125,
			"PathIndex": 10
		},
		"7":
		{
			"Distance": 8382.9228515625,
			"PathIndex": 9
		},
		"8":
		{
			"Distance": 15729.7255859375,
			"PathIndex": 13
		},
		"9":
		{
			"Distance": 5852.9306640625,
			"PathIndex": 3
		},
		"10":
		{
			"Distance": 20613.087890625,
			"PathIndex": 4
		},
		"11":
		{
			"Distance": 9683.7783203125,
			"PathIndex": 5
		},
		"12":
		{
			"Distance": 25025.625,
			"PathIndex": 6
		},
		"13":
		{
			"Distance": 13128.373046875,
			"PathIndex": 11
		},
		"14":
		{
			"Distance": 11737.4189453125,
			"PathIndex": 11
		},
		"15":
		{
			"Distance": 8798.01171875,
			"PathIndex": 9
		},
		"16":
		{
			"Distance": 9312.6826171875,
			"PathIndex": 5
		},
		"17":
		{
			"Distance": 7944.42041015625,
			"PathIndex": 18
		},
		"18":
		{
			"Distance": 4216.46435546875,
			"PathIndex": 3
		},
		"19":
		{
			"Distance": 26597.119140625,
			"PathIndex": 12
		}
	},
	"BP_Arrow":
	{
		"Index": 2,
		"0":
		{
			"Distance": 20019.09765625,
			"PathIndex": 11
		},
		"1":
		{
			"Distance": 27889.68359375,
			"PathIndex": 3
		},
		"3":
		{
			"Distance": 25828.580078125,
			"PathIndex": 18
		},
		"4":
		{
			"Distance": 9373.443359375,
			"PathIndex": 10
		},
		"5":
		{
			"Distance": 20953.814453125,
			"PathIndex": 11
		},
		"6":
		{
			"Distance": 5751.791015625,
			"PathIndex": 12
		},
		"7":
		{
			"Distance": 24531.5546875,
			"PathIndex": 16
		},
		"8":
		{
			"Distance": 12159.958984375,
			"PathIndex": 4
		},
		"9":
		{
			"Distance": 23115.9921875,
			"PathIndex": 5
		},
		"10":
		{
			"Distance": 7276.5966796875,
			"PathIndex": 6
		},
		"11":
		{
			"Distance": 18205.90625,
			"PathIndex": 13
		},
		"12":
		{
			"Distance": 2864.06103515625,
			"PathIndex": 2
		},
		"13":
		{
			"Distance": 14761.3115234375,
			"PathIndex": 8
		},
		"14":
		{
			"Distance": 16320.95703125,
			"PathIndex": 13
		},
		"15":
		{
			"Distance": 23240.107421875,
			"PathIndex": 16
		},
		"16":
		{
			"Distance": 22033,
			"PathIndex": 11
		},
		"17":
		{
			"Distance": 22183.77734375,
			"PathIndex": 11
		},
		"18":
		{
			"Distance": 23673.220703125,
			"PathIndex": 5
		},
		"19":
		{
			"Distance": 1776.804443359375,
			"PathIndex": 2
		}
	}
}