{
	"BP_Arrow":
	{
		"Index": 0,
		"1":
		{
			"Distance": 2847.69677734375,
			"PathIndex": 0
		},
		"2":
		{
			"Distance": 1243.09521484375,
			"PathIndex": 0
		},
		"3":
		{
			"Distance": 2042.7587890625,
			"PathIndex": 0
		}
	}
}