{
	"BP_Arrow2":
	{
		"Index": 0,
		"1":
		{
			"Distance": 9598.251953125,
			"PathIndex": 3
		},
		"2":
		{
			"Distance": 1672.302978515625,
			"PathIndex": 0
		},
		"3":
		{
			"Distance": 8319.119140625,
			"PathIndex": 2
		}
	},
	"BP_Arrow":
	{
		"Index": 1,
		"0":
		{
			"Distance": 9598.251953125,
			"PathIndex": 2
		},
		"2":
		{
			"Distance": 7925.94921875,
			"PathIndex": 3
		},
		"3":
		{
			"Distance": 1279.132568359375,
			"PathIndex": 1
		}
	}
}