{
	"BP_Arrow2":
	{
		"Index": 0,
		"1":
		{
			"Distance": 7567.77685546875,
			"PathIndex": 33
		},
		"2":
		{
			"Distance": 8420.67578125,
			"PathIndex": 4
		},
		"3":
		{
			"Distance": 3901.909423828125,
			"PathIndex": 0
		},
		"4":
		{
			"Distance": 4975.689453125,
			"PathIndex": 6
		},
		"5":
		{
			"Distance": 10584.3984375,
			"PathIndex": 16
		},
		"6":
		{
			"Distance": 3511.453857421875,
			"PathIndex": 9
		},
		"7":
		{
			"Distance": 13388.5908203125,
			"PathIndex": 44
		},
		"8":
		{
			"Distance": 6650.6376953125,
			"PathIndex": 19
		},
		"9":
		{
			"Distance": 2221.5791015625,
			"PathIndex": 0
		},
		"10":
		{
			"Distance": 2800.36181640625,
			"PathIndex": 0
		},
		"11":
		{
			"Distance": 15772.4296875,
			"PathIndex": 7
		},
		"12":
		{
			"Distance": 9542.30078125,
			"PathIndex": 13
		},
		"13":
		{
			"Distance": 7641.0166015625,
			"PathIndex": 19
		},
		"14":
		{
			"Distance": 2920.896484375,
			"PathIndex": 31
		},
		"15":
		{
			"Distance": 3858.198974609375,
			"PathIndex": 0
		},
		"16":
		{
			"Distance": 7069.17822265625,
			"PathIndex": 4
		},
		"17":
		{
			"Distance": 6412.00390625,
			"PathIndex": 14
		},
		"18":
		{
			"Distance": 5432.19970703125,
			"PathIndex": 14
		},
		"19":
		{
			"Distance": 5218.3349609375,
			"PathIndex": 31
		},
		"20":
		{
			"Distance": 8610.4462890625,
			"PathIndex": 16
		},
		"21":
		{
			"Distance": 4914.2587890625,
			"PathIndex": 14
		},
		"22":
		{
			"Distance": 10102.513671875,
			"PathIndex": 32
		},
		"23":
		{
			"Distance": 4969.029296875,
			"PathIndex": 31
		},
		"24":
		{
			"Distance": 5447.49609375,
			"PathIndex": 15
		},
		"25":
		{
			"Distance": 6619.8037109375,
			"PathIndex": 4
		},
		"26":
		{
			"Distance": 5164.53515625,
			"PathIndex": 3
		},
		"27":
		{
			"Distance": 9088.345703125,
			"PathIndex": 8
		},
		"28":
		{
			"Distance": 12348.07421875,
			"PathIndex": 44
		},
		"29":
		{
			"Distance": 9678.35546875,
			"PathIndex": 13
		},
		"30":
		{
			"Distance": 17846.33203125,
			"PathIndex": 11
		},
		"31":
		{
			"Distance": 1508.388427734375,
			"PathIndex": 0
		},
		"32":
		{
			"Distance": 7604.68359375,
			"PathIndex": 21
		},
		"33":
		{
			"Distance": 5566.7451171875,
			"PathIndex": 14
		},
		"34":
		{
			"Distance": 8019.8408203125,
			"PathIndex": 26
		},
		"35":
		{
			"Distance": 10272.423828125,
			"PathIndex": 13
		},
		"36":
		{
			"Distance": 9989,
			"PathIndex": 8
		},
		"37":
		{
			"Distance": 8346.0986328125,
			"PathIndex": 33
		},
		"38":
		{
			"Distance": 7878.564453125,
			"PathIndex": 4
		},
		"39":
		{
			"Distance": 4894.24658203125,
			"PathIndex": 6
		},
		"40":
		{
			"Distance": 7500.044921875,
			"PathIndex": 33
		},
		"41":
		{
			"Distance": 10758.943359375,
			"PathIndex": 32
		},
		"42":
		{
			"Distance": 9643.8310546875,
			"PathIndex": 38
		},
		"43":
		{
			"Distance": 9643.3251953125,
			"PathIndex": 34
		},
		"44":
		{
			"Distance": 10878.904296875,
			"PathIndex": 34
		},
		"45":
		{
			"Distance": 10624.146484375,
			"PathIndex": 34
		}
	},
	"BP_Arrow3":
	{
		"Index": 1,
		"0":
		{
			"Distance": 7567.7763671875,
			"PathIndex": 31
		},
		"2":
		{
			"Distance": 10509.642578125,
			"PathIndex": 8
		},
		"3":
		{
			"Distance": 10502.3203125,
			"PathIndex": 10
		},
		"4":
		{
			"Distance": 7795.626953125,
			"PathIndex": 21
		},
		"5":
		{
			"Distance": 9406.3291015625,
			"PathIndex": 20
		},
		"6":
		{
			"Distance": 6906.4384765625,
			"PathIndex": 14
		},
		"7":
		{
			"Distance": 19989.00390625,
			"PathIndex": 44
		},
		"8":
		{
			"Distance": 7551.373046875,
			"PathIndex": 19
		},
		"9":
		{
			"Distance": 7035.06298828125,
			"PathIndex": 14
		},
		"10":
		{
			"Distance": 8734.23828125,
			"PathIndex": 31
		},
		"11":
		{
			"Distance": 22372.84375,
			"PathIndex": 7
		},
		"12":
		{
			"Distance": 6988.0048828125,
			"PathIndex": 13
		},
		"13":
		{
			"Distance": 5086.720703125,
			"PathIndex": 33
		},
		"14":
		{
			"Distance": 4646.8798828125,
			"PathIndex": 33
		},
		"15":
		{
			"Distance": 9932.263671875,
			"PathIndex": 31
		},
		"16":
		{
			"Distance": 8157.197265625,
			"PathIndex": 19
		},
		"17":
		{
			"Distance": 4317.4228515625,
			"PathIndex": 33
		},
		"18":
		{
			"Distance": 3337.7197265625,
			"PathIndex": 33
		},
		"19":
		{
			"Distance": 6119.0703125,
			"PathIndex": 21
		},
		"20":
		{
			"Distance": 7105.24072265625,
			"PathIndex": 17
		},
		"21":
		{
			"Distance": 4480.55615234375,
			"PathIndex": 33
		},
		"22":
		{
			"Distance": 5633.2001953125,
			"PathIndex": 37
		},
		"23":
		{
			"Distance": 3704.72705078125,
			"PathIndex": 33
		},
		"24":
		{
			"Distance": 11521.560546875,
			"PathIndex": 15
		},
		"25":
		{
			"Distance": 9252.34765625,
			"PathIndex": 8
		},
		"26":
		{
			"Distance": 11764.9462890625,
			"PathIndex": 3
		},
		"27":
		{
			"Distance": 9690.794921875,
			"PathIndex": 12
		},
		"28":
		{
			"Distance": 18948.486328125,
			"PathIndex": 44
		},
		"29":
		{
			"Distance": 6576.50732421875,
			"PathIndex": 32
		},
		"30":
		{
			"Distance": 24446.74609375,
			"PathIndex": 11
		},
		"31":
		{
			"Distance": 6059.38818359375,
			"PathIndex": 14
		},
		"32":
		{
			"Distance": 3759.06884765625,
			"PathIndex": 1
		},
		"33":
		{
			"Distance": 2001.0316162109375,
			"PathIndex": 1
		},
		"34":
		{
			"Distance": 14620.251953125,
			"PathIndex": 26
		},
		"35":
		{
			"Distance": 6195.548828125,
			"PathIndex": 37
		},
		"36":
		{
			"Distance": 8356.345703125,
			"PathIndex": 13
		},
		"37":
		{
			"Distance": 2984.95166015625,
			"PathIndex": 1
		},
		"38":
		{
			"Distance": 9369.09765625,
			"PathIndex": 8
		},
		"39":
		{
			"Distance": 8289.2314453125,
			"PathIndex": 6
		},
		"40":
		{
			"Distance": 1971.7781982421875,
			"PathIndex": 1
		},
		"41":
		{
			"Distance": 5598.5859375,
			"PathIndex": 37
		},
		"42":
		{
			"Distance": 10600.3046875,
			"PathIndex": 8
		},
		"43":
		{
			"Distance": 16243.736328125,
			"PathIndex": 34
		},
		"44":
		{
			"Distance": 17479.31640625,
			"PathIndex": 34
		},
		"45":
		{
			"Distance": 17224.556640625,
			"PathIndex": 34
		}
	},
	"BP_Arrow4":
	{
		"Index": 2,
		"0":
		{
			"Distance": 8420.6767578125,
			"PathIndex": 9
		},
		"1":
		{
			"Distance": 10509.642578125,
			"PathIndex": 33
		},
		"3":
		{
			"Distance": 11361.154296875,
			"PathIndex": 10
		},
		"4":
		{
			"Distance": 3444.98681640625,
			"PathIndex": 2
		},
		"5":
		{
			"Distance": 6974.40771484375,
			"PathIndex": 16
		},
		"6":
		{
			"Distance": 4909.22265625,
			"PathIndex": 4
		},
		"7":
		{
			"Distance": 20847.8359375,
			"PathIndex": 44
		},
		"8":
		{
			"Distance": 2958.27001953125,
			"PathIndex": 2
		},
		"9":
		{
			"Distance": 6199.09765625,
			"PathIndex": 6
		},
		"10":
		{
			"Distance": 9593.072265625,
			"PathIndex": 9
		},
		"11":
		{
			"Distance": 23231.67578125,
			"PathIndex": 7
		},
		"12":
		{
			"Distance": 6677.5302734375,
			"PathIndex": 27
		},
		"13":
		{
			"Distance": 6347.54443359375,
			"PathIndex": 8
		},
		"14":
		{
			"Distance": 6953.70068359375,
			"PathIndex": 19
		},
		"15":
		{
			"Distance": 11487.29296875,
			"PathIndex": 10
		},
		"16":
		{
			"Distance": 3459.18701171875,
			"PathIndex": 25
		},
		"17":
		{
			"Distance": 7765.60986328125,
			"PathIndex": 20
		},
		"18":
		{
			"Distance": 8114.7021484375,
			"PathIndex": 21
		},
		"19":
		{
			"Distance": 4390.57275390625,
			"PathIndex": 8
		},
		"20":
		{
			"Distance": 4977.7919921875,
			"PathIndex": 25
		},
		"21":
		{
			"Distance": 6029.0869140625,
			"PathIndex": 19
		},
		"22":
		{
			"Distance": 8934,
			"PathIndex": 13
		},
		"23":
		{
			"Distance": 9015.7734375,
			"PathIndex": 14
		},
		"24":
		{
			"Distance": 12756.044921875,
			"PathIndex": 10
		},
		"25":
		{
			"Distance": 1876.9537353515625,
			"PathIndex": 2
		},
		"26":
		{
			"Distance": 12623.7802734375,
			"PathIndex": 3
		},
		"27":
		{
			"Distance": 3974.740966796875,
			"PathIndex": 2
		},
		"28":
		{
			"Distance": 19807.318359375,