{
	"BP_Arrow2":
	{
		"Index": 0,
		"1":
		{
			"Distance": 9506.3203125,
			"PathIndex": 5
		},
		"2":
		{
			"Distance": 7139.4423828125,
			"PathIndex": 19
		},
		"3":
		{
			"Distance": 8658.869140625,
			"PathIndex": 25
		},
		"4":
		{
			"Distance": 9197.86328125,
			"PathIndex": 20
		},
		"5":
		{
			"Distance": 7324.208984375,
			"PathIndex": 8
		},
		"6":
		{
			"Distance": 5307.548828125,
			"PathIndex": 8
		},
		"7":
		{
			"Distance": 9513.65625,
			"PathIndex": 5
		},
		"8":
		{
			"Distance": 3630.637939453125,
			"PathIndex": 0
		},
		"9":
		{
			"Distance": 4994.67578125,
			"PathIndex": 28
		},
		"10":
		{
			"Distance": 5183.9833984375,
			"PathIndex": 19
		},
		"11":
		{
			"Distance": 6940.77880859375,
			"PathIndex": 24
		},
		"12":
		{
			"Distance": 10727.724609375,
			"PathIndex": 4
		},
		"13":
		{
			"Distance": 6742.0400390625,
			"PathIndex": 8
		},
		"14":
		{
			"Distance": 9079.671875,
			"PathIndex": 5
		},
		"15":
		{
			"Distance": 7072.56103515625,
			"PathIndex": 8
		},
		"16":
		{
			"Distance": 1749.1854248046875,
			"PathIndex": 0
		},
		"17":
		{
			"Distance": 6830.55859375,
			"PathIndex": 8
		},
		"18":
		{
			"Distance": 3175.029541015625,
			"PathIndex": 0
		},
		"19":
		{
			"Distance": 3346.036865234375,
			"PathIndex": 0
		},
		"20":
		{
			"Distance": 5622.306640625,
			"PathIndex": 24
		},
		"21":
		{
			"Distance": 3487.453857421875,
			"PathIndex": 0
		},
		"22":
		{
			"Distance": 11843.7734375,
			"PathIndex": 3
		},
		"23":
		{
			"Distance": 8868.40234375,
			"PathIndex": 10
		},
		"24":
		{
			"Distance": 3810.5986328125,
			"PathIndex": 0
		},
		"25":
		{
			"Distance": 5748.1572265625,
			"PathIndex": 18
		},
		"26":
		{
			"Distance": 2111.922607421875,
			"PathIndex": 0
		},
		"27":
		{
			"Distance": 4945.67236328125,
			"PathIndex": 18
		},
		"28":
		{
			"Distance": 2227.417724609375,
			"PathIndex": 0
		},
		"29":
		{
			"Distance": 5242.361328125,
			"PathIndex": 19
		},
		"30":
		{
			"Distance": 8352.939453125,
			"PathIndex": 13
		},
		"31":
		{
			"Distance": 4813.7138671875,
			"PathIndex": 28
		}
	},
	"BP_Arrow3":
	{
		"Index": 1,
		"0":
		{
			"Distance": 9506.3193359375,
			"PathIndex": 8
		},
		"2":
		{
			"Distance": 5664.14013671875,
			"PathIndex": 5
		},
		"3":
		{
			"Distance": 5577.7265625,
			"PathIndex": 4
		},
		"4":
		{
			"Distance": 2735.5068359375,
			"PathIndex": 1
		},
		"5":
		{
			"Distance": 2182.11083984375,
			"PathIndex": 1
		},
		"6":
		{
			"Distance": 7552.59228515625,
			"PathIndex": 8
		},
		"7":
		{
			"Distance": 2055.526123046875,
			"PathIndex": 1
		},
		"8":
		{
			"Distance": 5875.681640625,
			"PathIndex": 5
		},
		"9":
		{
			"Distance": 5520.09423828125,
			"PathIndex": 5
		},
		"10":
		{
			"Distance": 7902.15283203125,
			"PathIndex": 2
		},
		"11":
		{
			"Distance": 5787.5810546875,
			"PathIndex": 4
		},
		"12":
		{
			"Distance": 4265.3681640625,
			"PathIndex": 4
		},
		"13":
		{
			"Distance": 5684.36572265625,
			"PathIndex": 5
		},
		"14":
		{
			"Distance": 3937.5732421875,
			"PathIndex": 5
		},
		"15":
		{
			"Distance": 8921.044921875,
			"PathIndex": 11
		},
		"16":
		{
			"Distance": 8032.88720703125,
			"PathIndex": 8
		},
		"17":
		{
			"Distance": 9075.6025390625,
			"PathIndex": 8
		},
		"18":
		{
			"Distance": 8512.8232421875,
			"PathIndex": 8
		},
		"19":
		{
			"Distance": 8583.7724609375,
			"PathIndex": 8
		},
		"20":
		{
			"Distance": 6311.0634765625,
			"PathIndex": 4
		},
		"21":
		{
			"Distance": 8248.3955078125,
			"PathIndex": 8
		},
		"22":
		{
			"Distance": 8762.630859375,
			"PathIndex": 3
		},
		"23":
		{
			"Distance": 8652.421875,
			"PathIndex": 2
		},
		"24":
		{
			"Distance": 8122.771484375,
			"PathIndex": 20
		},
		"25":
		{
			"Distance": 8488.4375,
			"PathIndex": 3
		},
		"26":
		{
			"Distance": 9781.107421875,
			"PathIndex": 8
		},
		"27":
		{
			"Distance": 10283.4658203125,
			"PathIndex": 18
		},
		"28":
		{
			"Distance": 8287.3515625,
			"PathIndex": 9
		},
		"29":
		{
			"Distance": 9367.99609375,
			"PathIndex": 9
		},
		"30":
		{
			"Distance": 7295.2646484375,
			"PathIndex": 13
		},
		"31":
		{
			"Distance": 7821.41748046875,
			"PathIndex": 9
		}
	},
	"BP_Arrow4":
	{
		"Index": 2,
		"0":
		{
			"Distance": 7139.4423828125,
			"PathIndex": 19
		},
		"1":
		{
			"Distance": 5664.14013671875,
			"PathIndex": 5
		},
		"3":
		{
			"Distance": 9613.8779296875,
			"PathIndex": 4
		},
		"4":
		{
			"Distance": 6771.65771484375,
			"PathIndex": 5
		},
		"5":
		{
			"Distance": 3482.029296875,
			"PathIndex": 2
		},
		"6":
		{
			"Distance": 8178.40673828125,
			"PathIndex": 8
		},
		"7":
		{
			"Distance": 5671.4765625,
			"PathIndex": 5
		},
		"8":
		{
			"Distance": 6501.49609375,
			"PathIndex": 19
		},
		"9":
		{
			"Distance": 6820.0126953125,
			"PathIndex": 5
		},
		"10":
		{
			"Distance": 2238.0126953125,
			"PathIndex": 2
		},
		"11":
		{
			"Distance": 9823.732421875,
			"PathIndex": 4
		},
		"12":
		{
			"Distance": 8301.51953125,
			"PathIndex": 4
		},
		"13":
		{
			"Distance": 6984.2841796875,
			"PathIndex": 5
		},
		"14":
		{
			"Distance": 2778.4111328125,
			"PathIndex": 2
		},
		"15":
		{
			"Distance": 9943.4189453125,
			"PathIndex": 8
		},
		"16":
		{
			"Distance": 5621.18115234375,
			"PathIndex": 19
		},
		"17":
		{
			"Distance": 9701.4169921875,
			"PathIndex": 8
		},
		"18":
		{
			"Distance": 5955.7392578125,
			"PathIndex": 19
		},
		"19":
		{
			"Distance": 3793.4052734375,
			"PathIndex": 2
		},
		"20":
		{
			"Distance": 8737.833984375,
			"PathIndex": 21
		},
		"21":
		{
			"Distance": 6382.57421875,
			"PathIndex": 19
		},
		"22":
		{
			"Distance": 12798.7822265625,
			"PathIndex": 3
		},
		"23":
		{
			"Distance": 2988.2822265625,
			"PathIndex": 2
		},
		"24":
		{
			"Distance": 7319.23193359375,
			"PathIndex": 19
		},
		"25":
		{
			"Distance": 8528.8671875,
			"PathIndex": 18
		},
		"26":
		{
			"Distance": 7098.47705078125,
			"PathIndex": 19
		},
		"27":
		{
			"Distance": 7726.3818359375,
			"PathIndex": 19
		},
		"28":
		{
			"Distance": 7204.82470703125,
			"PathIndex": 19
		},
		"29":
		{
			"Distance": 4579.2158203125,
			"PathIndex": 10
		},
		"30":
		{
			"Distance": 8595.18359375,
			"PathIndex": 13
		},
		"31":
		{
			"Distance": 5866.14697265625,
			"PathIndex": 10
		}
	},
	"BP_Arrow":
	{
		"Index": 3,
		"0":
		{
			"Distance": 8658.8681640625,
			"PathIndex": 18
		},
		"1":
		{
			"Distance": 5577.7265625,
			"PathIndex": 4
		},
		"2":
		{
			"Distance": 9613.8779296875,
			"PathIndex": 5
		},
		"4":
		{
			"Distance": 2842.219970703125,
			"PathIndex": 3
		},
		"5":
		{
			"Distance": 6131.8486328125,
			"PathIndex": 4
		},
		"6":
		{
			"Distance": 9099.3203125,
			"PathIndex": 11
		},
		"7":
		{
			"Distance": 5428.724609375,
			"PathIndex": 4
		},
		"8":
		{
			"Distance": 8120.98046875,
			"PathIndex": 18
		},
		"9":
		{
			"Distance": 9469.83203125,
			"PathIndex": 5
		},
		"10":
		{
			"Distance": 9484.119140625,
			"PathIndex": 19
		},
		"11":
		{
			"Distance": 5894.2939453125,
			"PathIndex": 4
		},
		"12":
		{
			"Distance": 2970.4453125,
			"PathIndex": 3
		},
		"13":
		{
			"Distance": 9634.103515625,
			"PathIndex": 5
		},
		"14":
		{
			"Distance": 7887.31103515625,
			"PathIndex": 5
		},
		"15":
		{
			"Distance": 9027.7578125,
			"PathIndex": 11
		},
		"16":
		{
			"Distance": 7140.607421875,
			"PathIndex": 18
		},
		"17":
		{
			"Distance": 11320.9013671875,
			"PathIndex": 8
		},
		"18":
		{
			"Distance": 5483.8388671875,
			"PathIndex": 25
		},
		"19":
		{
			"Distance": 7646.1728515625,
			"PathIndex": 18
		},
		"20":
		{
			"Distance": 6417.7763671875,
			"PathIndex": 4
		},
		"21":
		{
			"Distance": 7902,
			"PathIndex": 18
		},
		"22":
		{
			"Distance": 3184.904541015625,
			"PathIndex": 3
		},
		"23":
		{
			"Distance": 12602.16015625,
			"PathIndex": 2
		},
		"24":
		{
			"Distance": 8229.484375,
			"PathIndex": 20
		},
		"25":
		{
			"Distance": 2910.71142578125,
			"PathIndex": 3
		},