{
	"BP_Arrow2":
	{
		"Index": 0,
		"1":
		{
			"Distance": 5931.6982421875,
			"PathIndex": 6
		},
		"2":
		{
			"Distance": 4909.4677734375,
			"PathIndex": 7
		},
		"3":
		{
			"Distance": 9211.52734375,
			"PathIndex": 4
		},
		"4":
		{
			"Distance": 5911.447265625,
			"PathIndex": 5
		},
		"5":
		{
			"Distance": 2681.35595703125,
			"PathIndex": 0
		},
		"6":
		{
			"Distance": 2868.51513671875,
			"PathIndex": 0
		},
		"7":
		{
			"Distance": 2819.64990234375,
			"PathIndex": 0
		},
		"8":
		{
			"Distance": 6181.572265625,
			"PathIndex": 10
		},
		"9":
		{
			"Distance": 5340.0205078125,
			"PathIndex": 5
		},
		"10":
		{
			"Distance": 3588.28662109375,
			"PathIndex": 0
		}
	},
	"BP_Arrow3":
	{
		"Index": 1,
		"0":
		{
			"Distance": 5931.6982421875,
			"PathIndex": 6
		},
		"2":
		{
			"Distance": 8474.78515625,
			"PathIndex": 5
		},
		"3":
		{
			"Distance": 9214.7646484375,
			"PathIndex": 4
		},
		"4":
		{
			"Distance": 5914.6845703125,
			"PathIndex": 8
		},
		"5":
		{
			"Distance": 5213.60791015625,
			"PathIndex": 10
		},
		"6":
		{
			"Distance": 3063.18310546875,
			"PathIndex": 1
		},
		"7":
		{
			"Distance": 8158.69287109375,
			"PathIndex": 5
		},
		"8":
		{
			"Distance": 3661.538818359375,
			"PathIndex": 1
		},
		"9":
		{
			"Distance": 7872.2724609375,
			"PathIndex": 5
		},
		"10":
		{
			"Distance": 2919.716064453125,
			"PathIndex": 1
		}
	},
	"BP_Arrow4":
	{
		"Index": 2,
		"0":
		{
			"Distance": 4909.4677734375,
			"PathIndex": 7
		},
		"1":
		{
			"Distance": 8474.78515625,
			"PathIndex": 10
		},
		"3":
		{
			"Distance": 9554.28125,
			"PathIndex": 4
		},
		"4":
		{
			"Distance": 6254.20068359375,
			"PathIndex": 9
		},
		"5":
		{
			"Distance": 3261.177490234375,
			"PathIndex": 2
		},
		"6":
		{
			"Distance": 7777.98291015625,
			"PathIndex": 0
		},
		"7":
		{
			"Distance": 2089.81787109375,
			"PathIndex": 2
		},
		"8":
		{
			"Distance": 8148.35498046875,
			"PathIndex": 10
		},
		"9":
		{
			"Distance": 3773.13623046875,
			"PathIndex": 2
		},
		"10":
		{
			"Distance": 5555.0693359375,
			"PathIndex": 5
		}
	},
	"BP_Arrow":
	{
		"Index": 3,
		"0":
		{
			"Distance": 9211.52734375,
			"PathIndex": 5
		},
		"1":
		{
			"Distance": 9214.7646484375,
			"PathIndex": 8
		},
		"2":
		{
			"Distance": 9554.28125,
			"PathIndex": 9
		},
		"4":
		{
			"Distance": 3300.080078125,
			"PathIndex": 3
		},
		"5":
		{
			"Distance": 6530.171875,
			"PathIndex": 4
		},
		"6":
		{
			"Distance": 9959.095703125,
			"PathIndex": 10
		},
		"7":
		{
			"Distance": 9475.2568359375,
			"PathIndex": 5
		},
		"8":
		{
			"Distance": 5553.22607421875,
			"PathIndex": 4
		},
		"9":
		{
			"Distance": 5781.14453125,
			"PathIndex": 4
		},
		"10":
		{
			"Distance": 6629.11572265625,
			"PathIndex": 4
		}
	}
}