{
	"BP_Arrow":
	{
		"Index": 0,
		"1":
		{
			"Distance": 7423.8603515625,
			"PathIndex": 5
		},
		"2":
		{
			"Distance": 9287.7294921875,
			"PathIndex": 10
		},
		"3":
		{
			"Distance": 10102.576171875,
			"PathIndex": 8
		},
		"4":
		{
			"Distance": 5278.9052734375,
			"PathIndex": 18
		},
		"5":
		{
			"Distance": 4747.68896484375,
			"PathIndex": 18
		},
		"6":
		{
			"Distance": 9115.55859375,
			"PathIndex": 10
		},
		"7":
		{
			"Distance": 8745.4736328125,
			"PathIndex": 9
		},
		"8":
		{
			"Distance": 7658.14697265625,
			"PathIndex": 4
		},
		"9":
		{
			"Distance": 6565.31787109375,
			"PathIndex": 18
		},
		"10":
		{
			"Distance": 6205.1640625,
			"PathIndex": 17
		},
		"11":
		{
			"Distance": 10062.7744140625,
			"PathIndex": 8
		},
		"12":
		{
			"Distance": 9957.6201171875,
			"PathIndex": 8
		},
		"13":
		{
			"Distance": 1843.32666015625,
			"PathIndex": 0
		},
		"14":
		{
			"Distance": 1661.5455322265625,
			"PathIndex": 0
		},
		"15":
		{
			"Distance": 7684.755859375,
			"PathIndex": 17
		},
		"16":
		{
			"Distance": 6232.7529296875,
			"PathIndex": 18
		},
		"17":
		{
			"Distance": 4613.0498046875,
			"PathIndex": 13
		},
		"18":
		{
			"Distance": 3222.51318359375,
			"PathIndex": 14
		},
		"19":
		{
			"Distance": 6513.3857421875,
			"PathIndex": 5
		},
		"20":
		{
			"Distance": 6762.89453125,
			"PathIndex": 22
		},
		"21":
		{
			"Distance": 9467.150390625,
			"PathIndex": 8
		},
		"22":
		{
			"Distance": 3166.8310546875,
			"PathIndex": 0
		}
	},
	"BP_Arrow2":
	{
		"Index": 1,
		"0":
		{
			"Distance": 7423.86083984375,
			"PathIndex": 14
		},
		"2":
		{
			"Distance": 10233.1171875,
			"PathIndex": 10
		},
		"3":
		{
			"Distance": 10274.69921875,
			"PathIndex": 8
		},
		"4":
		{
			"Distance": 5451.02880859375,
			"PathIndex": 5
		},
		"5":
		{
			"Distance": 2676.171630859375,
			"PathIndex": 1
		},
		"6":
		{
			"Distance": 10060.9462890625,
			"PathIndex": 10
		},
		"7":
		{
			"Distance": 8779.4560546875,
			"PathIndex": 9
		},
		"8":
		{
			"Distance": 7830.2705078125,
			"PathIndex": 4
		},
		"9":
		{
			"Distance": 6599.2998046875,
			"PathIndex": 5
		},
		"10":
		{
			"Distance": 7150.5517578125,
			"PathIndex": 4
		},
		"11":
		{
			"Distance": 10234.8974609375,
			"PathIndex": 8
		},
		"12":
		{
			"Distance": 10129.744140625,
			"PathIndex": 8
		},
		"13":
		{
			"Distance": 7488.359375,
			"PathIndex": 18
		},
		"14":
		{
			"Distance": 5762.3154296875,
			"PathIndex": 18
		},
		"15":
		{
			"Distance": 8736.4736328125,
			"PathIndex": 4
		},
		"16":
		{
			"Distance": 1227.11181640625,
			"PathIndex": 1
		},
		"17":
		{
			"Distance": 6667.74951171875,
			"PathIndex": 4
		},
		"18":
		{
			"Distance": 4201.34765625,
			"PathIndex": 5
		},
		"19":
		{
			"Distance": 1601.506103515625,
			"PathIndex": 1
		},
		"20":
		{
			"Distance": 9038.83984375,
			"PathIndex": 17
		},
		"21":
		{
			"Distance": 9558.8642578125,
			"PathIndex": 9
		},
		"22":
		{
			"Distance": 8448.1904296875,
			"PathIndex": 4
		}
	},
	"BP_Arrow3":
	{
		"Index": 2,
		"0":
		{
			"Distance": 9287.7294921875,
			"PathIndex": 13
		},
		"1":
		{
			"Distance": 10233.1171875,
			"PathIndex": 5
		},
		"3":
		{
			"Distance": 6380.0517578125,
			"PathIndex": 8
		},
		"4":
		{
			"Distance": 4782.08837890625,
			"PathIndex": 10
		},
		"5":
		{
			"Distance": 7556.9453125,
			"PathIndex": 4
		},
		"6":
		{
			"Distance": 1225.108642578125,
			"PathIndex": 2
		},
		"7":
		{
			"Distance": 6662.60693359375,
			"PathIndex": 10
		},
		"8":
		{
			"Distance": 3935.622314453125,
			"PathIndex": 2
		},
		"9":
		{
			"Distance": 4932.5341796875,
			"PathIndex": 10
		},
		"10":
		{
			"Distance": 3082.5654296875,
			"PathIndex": 2
		},
		"11":
		{
			"Distance": 6340.24951171875,
			"PathIndex": 8
		},
		"12":
		{
			"Distance": 6235.095703125,
			"PathIndex": 8
		},
		"13":
		{
			"Distance": 7444.40283203125,
			"PathIndex": 17
		},
		"14":
		{
			"Distance": 8286.7900390625,
			"PathIndex": 18
		},
		"15":
		{
			"Distance": 4833.3408203125,
			"PathIndex": 10
		},
		"16":
		{
			"Distance": 9736.0615234375,
			"PathIndex": 18
		},
		"17":
		{
			"Distance": 4674.6796875,
			"PathIndex": 10
		},
		"18":
		{
			"Distance": 6725.822265625,
			"PathIndex": 10
		},
		"19":
		{
			"Distance": 9322.642578125,
			"PathIndex": 5
		},
		"20":
		{
			"Distance": 7045.77001953125,
			"PathIndex": 17
		},
		"21":
		{
			"Distance": 5744.625,
			"PathIndex": 8
		},
		"22":
		{
			"Distance": 6779.099609375,
			"PathIndex": 17
		}
	}
}