{
	"BP_Arrow2":
	{
		"Index": 0,
		"1":
		{
			"Distance": 12499.0078125,
			"PathIndex": 7
		},
		"2":
		{
			"Distance": 8749.2607421875,
			"PathIndex": 3
		},
		"3":
		{
			"Distance": 7230.74609375,
			"PathIndex": 11
		},
		"4":
		{
			"Distance": 7371.45947265625,
			"PathIndex": 11
		},
		"5":
		{
			"Distance": 1824.0966796875,
			"PathIndex": 0
		},
		"6":
		{
			"Distance": 12020.779296875,
			"PathIndex": 7
		},
		"7":
		{
			"Distance": 9252.400390625,
			"PathIndex": 3
		},
		"8":
		{
			"Distance": 2917.131591796875,
			"PathIndex": 0
		},
		"9":
		{
			"Distance": 1559.4638671875,
			"PathIndex": 0
		},
		"10":
		{
			"Distance": 13097.5078125,
			"PathIndex": 7
		},
		"11":
		{
			"Distance": 5365.908203125,
			"PathIndex": 8
		}
	},
	"BP_Arrow3":
	{
		"Index": 1,
		"0":
		{
			"Distance": 12499.0087890625,
			"PathIndex": 8
		},
		"2":
		{
			"Distance": 5290.01708984375,
			"PathIndex": 7
		},
		"3":
		{
			"Distance": 5268.26220703125,
			"PathIndex": 7
		},
		"4":
		{
			"Distance": 8985.72265625,
			"PathIndex": 3
		},
		"5":
		{
			"Distance": 11118.08984375,
			"PathIndex": 8
		},
		"6":
		{
			"Distance": 2905.46630859375,
			"PathIndex": 1
		},
		"7":
		{
			"Distance": 3246.60791015625,
			"PathIndex": 1
		},
		"8":
		{
			"Distance": 9581.876953125,
			"PathIndex": 11
		},
		"9":
		{
			"Distance": 11806.4404296875,
			"PathIndex": 8
		},
		"10":
		{
			"Distance": 4915.9521484375,
			"PathIndex": 6
		},
		"11":
		{
			"Distance": 7133.1005859375,
			"PathIndex": 3
		}
	},
	"BP_Arrow":
	{
		"Index": 2,
		"0":
		{
			"Distance": 8749.26171875,
			"PathIndex": 8
		},
		"1":
		{
			"Distance": 5290.01708984375,
			"PathIndex": 7
		},
		"3":
		{
			"Distance": 1518.514892578125,
			"PathIndex": 2
		},
		"4":
		{
			"Distance": 5235.974609375,
			"PathIndex": 3
		},
		"5":
		{
			"Distance": 7368.34228515625,
			"PathIndex": 8
		},
		"6":
		{
			"Distance": 4811.7880859375,
			"PathIndex": 7
		},
		"7":
		{
			"Distance": 2043.4090576171875,
			"PathIndex": 2
		},
		"8":
		{
			"Distance": 5832.1298828125,
			"PathIndex": 11
		},
		"9":
		{
			"Distance": 8056.693359375,
			"PathIndex": 8
		},
		"10":
		{
			"Distance": 5888.5166015625,
			"PathIndex": 7
		},
		"11":
		{
			"Distance": 3383.35302734375,
			"PathIndex": 3
		}
	}
}