{
	"BP_Arrow2":
	{
		"Index": 0,
		"1":
		{
			"Distance": 9584.404296875,
			"PathIndex": 18
		},
		"2":
		{
			"Distance": 9390.7587890625,
			"PathIndex": 47
		},
		"3":
		{
			"Distance": 8160.29052734375,
			"PathIndex": 50
		},
		"4":
		{
			"Distance": 4866.8232421875,
			"PathIndex": 36
		},
		"5":
		{
			"Distance": 16023.396484375,
			"PathIndex": 12
		},
		"6":
		{
			"Distance": 13700.5712890625,
			"PathIndex": 42
		},
		"7":
		{
			"Distance": 16808.55078125,
			"PathIndex": 12
		},
		"8":
		{
			"Distance": 14285.8955078125,
			"PathIndex": 45
		},
		"9":
		{
			"Distance": 16755.71484375,
			"PathIndex": 12
		},
		"10":
		{
			"Distance": 1308.28955078125,
			"PathIndex": 0
		},
		"11":
		{
			"Distance": 14844.6015625,
			"PathIndex": 40
		},
		"12":
		{
			"Distance": 13158.3251953125,
			"PathIndex": 26
		},
		"13":
		{
			"Distance": 1817.82421875,
			"PathIndex": 0
		},
		"14":
		{
			"Distance": 14391.3203125,
			"PathIndex": 17
		},
		"15":
		{
			"Distance": 14056.400390625,
			"PathIndex": 26
		},
		"16":
		{
			"Distance": 6888.17822265625,
			"PathIndex": 50
		},
		"17":
		{
			"Distance": 12760.25390625,
			"PathIndex": 1
		},
		"18":
		{
			"Distance": 6323.1708984375,
			"PathIndex": 36
		},
		"19":
		{
			"Distance": 6761.2578125,
			"PathIndex": 50
		},
		"20":
		{
			"Distance": 15762.53125,
			"PathIndex": 39
		},
		"21":
		{
			"Distance": 14103.3671875,
			"PathIndex": 39
		},
		"22":
		{
			"Distance": 5717.955078125,
			"PathIndex": 36
		},
		"23":
		{
			"Distance": 6213.787109375,
			"PathIndex": 4
		},
		"24":
		{
			"Distance": 11508.154296875,
			"PathIndex": 25
		},
		"25":
		{
			"Distance": 8540.6201171875,
			"PathIndex": 47
		},
		"26":
		{
			"Distance": 10276.0419921875,
			"PathIndex": 47
		},
		"27":
		{
			"Distance": 15592.703125,
			"PathIndex": 42
		},
		"28":
		{
			"Distance": 15368.4423828125,
			"PathIndex": 6
		},
		"29":
		{
			"Distance": 9375.08203125,
			"PathIndex": 18
		},
		"30":
		{
			"Distance": 16119.2646484375,
			"PathIndex": 8
		},
		"31":
		{
			"Distance": 12374.201171875,
			"PathIndex": 1
		},
		"32":
		{
			"Distance": 16165.03515625,
			"PathIndex": 8
		},
		"33":
		{
			"Distance": 12215.7822265625,
			"PathIndex": 26
		},
		"34":
		{
			"Distance": 12668.744140625,
			"PathIndex": 26
		},
		"35":
		{
			"Distance": 12392.1982421875,
			"PathIndex": 25
		},
		"36":
		{
			"Distance": 3412.35791015625,
			"PathIndex": 0
		},
		"37":
		{
			"Distance": 13317.9111328125,
			"PathIndex": 1
		},
		"38":
		{
			"Distance": 12139.57421875,
			"PathIndex": 1
		},
		"39":
		{
			"Distance": 12687.42578125,
			"PathIndex": 1
		},
		"40":
		{
			"Distance": 12411.8818359375,
			"PathIndex": 25
		},
		"41":
		{
			"Distance": 13637.080078125,
			"PathIndex": 40
		},
		"42":
		{
			"Distance": 12298.232421875,
			"PathIndex": 26
		},
		"43":
		{
			"Distance": 14747.10546875,
			"PathIndex": 38
		},
		"44":
		{
			"Distance": 8140.83154296875,
			"PathIndex": 50
		},
		"45":
		{
			"Distance": 12827.935546875,
			"PathIndex": 1
		},
		"46":
		{
			"Distance": 8814.4599609375,
			"PathIndex": 18
		},
		"47":
		{
			"Distance": 7062.8359375,
			"PathIndex": 36
		},
		"48":
		{
			"Distance": 13946.283203125,
			"PathIndex": 33
		},
		"49":
		{
			"Distance": 5820.53759765625,
			"PathIndex": 36
		},
		"50":
		{
			"Distance": 4891.58544921875,
			"PathIndex": 36
		},
		"51":
		{
			"Distance": 11741.591796875,
			"PathIndex": 1
		},
		"52":
		{
			"Distance": 11986.55859375,
			"PathIndex": 26
		}
	},
	"BP_Arrow3":
	{
		"Index": 1,
		"0":
		{
			"Distance": 9584.404296875,
			"PathIndex": 36
		},
		"2":
		{
			"Distance": 11505.8486328125,
			"PathIndex": 47
		},
		"3":
		{
			"Distance": 9280.73046875,
			"PathIndex": 50
		},
		"4":
		{
			"Distance": 6660.8125,
			"PathIndex": 18
		},
		"5":
		{
			"Distance": 7020.4521484375,
			"PathIndex": 17
		},
		"6":
		{
			"Distance": 9529.916015625,
			"PathIndex": 32
		},
		"7":
		{
			"Distance": 7619.4130859375,
			"PathIndex": 14
		},
		"8":
		{
			"Distance": 4701.49169921875,
			"PathIndex": 45
		},
		"9":
		{
			"Distance": 8515.890625,
			"PathIndex": 14
		},
		"10":
		{
			"Distance": 8299.5166015625,
			"PathIndex": 36
		},
		"11":
		{
			"Distance": 6645.94140625,
			"PathIndex": 17
		},
		"12":
		{
			"Distance": 9440.9072265625,
			"PathIndex": 20
		},
		"13":
		{
			"Distance": 8137.72119140625,
			"PathIndex": 36
		},
		"14":
		{
			"Distance": 4806.916015625,
			"PathIndex": 17
		},
		"15":
		{
			"Distance": 8635.8369140625,
			"PathIndex": 20
		},
		"16":
		{
			"Distance": 8008.61865234375,
			"PathIndex": 50
		},
		"17":
		{
			"Distance": 3175.849609375,
			"PathIndex": 1
		},
		"18":
		{
			"Distance": 3261.2333984375,
			"PathIndex": 1
		},
		"19":
		{
			"Distance": 7881.6982421875,
			"PathIndex": 50
		},
		"20":
		{
			"Distance": 6178.12646484375,
			"PathIndex": 39
		},
		"21":
		{
			"Distance": 4518.962890625,
			"PathIndex": 39
		},
		"22":
		{
			"Distance": 4570.32568359375,
			"PathIndex": 18
		},
		"23":
		{
			"Distance": 8007.7763671875,
			"PathIndex": 4
		},
		"24":
		{
			"Distance": 10456.69140625,
			"PathIndex": 40
		},
		"25":
		{
			"Distance": 10550.560546875,
			"PathIndex": 4
		},
		"26":
		{
			"Distance": 12323.1904296875,
			"PathIndex": 12
		},
		"27":
		{
			"Distance": 7941.9951171875,
			"PathIndex": 8
		},
		"28":
		{
			"Distance": 7965.4091796875,
			"PathIndex": 8
		},
		"29":
		{
			"Distance": 1225.3599853515625,
			"PathIndex": 1
		},
		"30":
		{
			"Distance": 6534.86083984375,
			"PathIndex": 8
		},
		"31":
		{
			"Distance": 2789.796630859375,
			"PathIndex": 1
		},
		"32":
		{
			"Distance": 6580.63134765625,
			"PathIndex": 8
		},
		"33":
		{
			"Distance": 12708.6123046875,
			"PathIndex": 12
		},
		"34":
		{
			"Distance": 12708.6123046875,
			"PathIndex": 12
		},
		"35":
		{
			"Distance": 10812.5703125,
			"PathIndex": 41
		},
		"36":
		{
			"Distance": 6172.04638671875,
			"PathIndex": 18
		},
		"37":
		{
			"Distance": 3733.5068359375,
			"PathIndex": 1
		},
		"38":
		{
			"Distance": 2555.16943359375,
			"PathIndex": 1
		},
		"39":
		{
			"Distance": 3103.021484375,
			"PathIndex": 1
		},
		"40":
		{
			"Distance": 9078.66015625,
			"PathIndex": 11
		},
		"41":
		{
			"Distance": 7923.701171875,
			"PathIndex": 11
		},
		"42":
		{
			"Distance": 10932.2548828125,
			"PathIndex": 6
		},
		"43":
		{
			"Distance": 5162.701171875,
			"PathIndex": 38
		},
		"44":
		{
			"Distance": 9261.271484375,
			"PathIndex": 50
		},
		"45":
		{
			"Distance": 3243.531494140625,
			"PathIndex": 1
		},
		"46":
		{
			"Distance": 1753.9246826171875,
			"PathIndex": 1
		},
		"47":
		{
			"Distance": 9177.92578125,
			"PathIndex": 4
		},
		"48":
		{
			"Distance": 14439.11328125,
			"PathIndex": 33
		},
		"49":
		{
			"Distance": 4648.88427734375,
			"PathIndex": 18
		},
		"50":
		{
			"Distance": 6012.02587890625,
			"PathIndex": 18
		},
		"51":
		{
			"Distance": 2157.1875,
			"PathIndex": 1
		},
		"52":
		{
			"Distance": 12786.4697265625,
			"PathIndex": 12
		}
	},
	"BP_Arrow4":
	{
		"Index": 2,
		"0":
		{
			"Distance": 9390.7587890625,
			"PathIndex": 36
		},
		"1":
		{
			"Distance": 11505.849609375,
			"PathIndex": 18
		},
		"3":
		{
			"Distance": 9315.5107421875,
			"PathIndex": 50
		},
		"4":
		{
			"Distance": 4845.037109375,
			"PathIndex": 47
		},
		"5":
		{
			"Distance": 6860.03125,
			"PathIndex": 41
		},
		"6":
		{
			"Distance": 4714.501953125,
			"PathIndex": 42
		},
		"7":
		{
			"Distance": 7822.48095703125,
			"PathIndex": 12
		},
		"8":
		{
			"Distance": 9542.9267578125,
			"PathIndex": 32
		},
		"9":
		{
			"Distance": 7630.6318359375,
			"PathIndex": 41
		},
		"10":
		{
			"Distance": 8105.87109375,
			"PathIndex": 36
		},
		"11":
		{
			"Distance": 5535.365234375,
			"PathIndex": 40
		},
		"12":
		{
			"Distance": 4172.255859375,
			"PathIndex": 26
		},
		"13":
		{
			"Distance": 7944.07568359375,
			"PathIndex": 36
		},